#
# There is insufficient memory for the Java Runtime Environment to continue.
# Native memory allocation (mmap) failed to map 31457280 bytes. Error detail: G1 virtual space
# Possible reasons:
#   The system is out of physical RAM or swap space
#   This process is running with CompressedOops enabled, and the Java Heap may be blocking the growth of the native heap
# Possible solutions:
#   Reduce memory load on the system
#   Increase physical memory or swap space
#   Check if swap backing store is full
#   Decrease Java heap size (-Xmx/-Xms)
#   Decrease number of Java threads
#   Decrease Java thread stack sizes (-Xss)
#   Set larger code cache with -XX:ReservedCodeCacheSize=
#   JVM is running with Unscaled Compressed Oops mode in which the Java heap is
#     placed in the first 4GB address space. The Java Heap base address is the
#     maximum limit for the native heap growth. Please use -XX:HeapBaseMinAddress
#     to set the Java Heap base and to place the Java Heap above 4GB virtual address.
# This output file may be truncated or incomplete.
#
#  Out of Memory Error (os_windows.cpp:3898), pid=22120, tid=31592
#
# JRE version: OpenJDK Runtime Environment (21.0.7) (build 21.0.7+-13880790-b1038.58)
# Java VM: OpenJDK 64-Bit Server VM (21.0.7+-13880790-b1038.58, mixed mode, tiered, compressed oops, compressed class ptrs, g1 gc, windows-amd64)
# No core dump will be written. Minidumps are not enabled by default on client versions of Windows
#

---------------  S U M M A R Y ------------

Command Line: --add-opens=java.base/java.lang=ALL-UNNAMED --add-opens=java.base/java.lang.invoke=ALL-UNNAMED --add-opens=java.base/java.util=ALL-UNNAMED --add-opens=java.prefs/java.util.prefs=ALL-UNNAMED --add-exports=jdk.compiler/com.sun.tools.javac.api=ALL-UNNAMED --add-exports=jdk.compiler/com.sun.tools.javac.util=ALL-UNNAMED --add-opens=java.base/java.util=ALL-UNNAMED --add-opens=java.prefs/java.util.prefs=ALL-UNNAMED --add-opens=java.base/java.nio.charset=ALL-UNNAMED --add-opens=java.base/java.net=ALL-UNNAMED --add-opens=java.base/java.util.concurrent.atomic=ALL-UNNAMED --add-opens=java.xml/javax.xml.namespace=ALL-UNNAMED -Xmx1536m -Dfile.encoding=UTF-8 -Duser.country=CA -Duser.language=en -Duser.variant -javaagent:C:\Users\denni\.gradle\wrapper\dists\gradle-8.11.1-all\2qik7nd48slq1ooc2496ixf4i\gradle-8.11.1\lib\agents\gradle-instrumentation-agent-8.11.1.jar org.gradle.launcher.daemon.bootstrap.GradleDaemon 8.11.1

Host: AMD Ryzen 7 5700U with Radeon Graphics         , 16 cores, 7G,  Windows 11 , 64 bit Build 26100 (10.0.26100.8328)
Time: Mon May 18 20:02:35 2026 Pacific Sommerzeit elapsed time: 76.800178 seconds (0d 0h 1m 16s)

---------------  T H R E A D  ---------------

Current thread (0x000002205525e640):  VMThread "VM Thread"          [id=31592, stack(0x000000cd25700000,0x000000cd25800000) (1024K)]

Stack: [0x000000cd25700000,0x000000cd25800000]
Native frames: (J=compiled Java code, j=interpreted, Vv=VM code, C=native code)
V  [jvm.dll+0x6d25c9]
V  [jvm.dll+0x860923]
V  [jvm.dll+0x862e7e]
V  [jvm.dll+0x863563]
V  [jvm.dll+0x27f156]
V  [jvm.dll+0x6ceee5]
V  [jvm.dll+0x6c29aa]
V  [jvm.dll+0x355ebb]
V  [jvm.dll+0x35db16]
V  [jvm.dll+0x3afb16]
V  [jvm.dll+0x3afde8]
V  [jvm.dll+0x32855c]
V  [jvm.dll+0x32af66]
V  [jvm.dll+0x334ebd]
V  [jvm.dll+0x36c555]
V  [jvm.dll+0x8692e8]
V  [jvm.dll+0x86a664]
V  [jvm.dll+0x86aba0]
V  [jvm.dll+0x86ae33]
V  [jvm.dll+0x808d08]
V  [jvm.dll+0x6d0e1d]
C  [ucrtbase.dll+0x37b0]
C  [KERNEL32.DLL+0x2e957]
C  [ntdll.dll+0x427c]

VM_Operation (0x000000cd252ff630): G1PauseRemark, mode: safepoint, requested by thread 0x0000022057661f30


---------------  P R O C E S S  ---------------

Threads class SMR info:
_java_thread_list=0x000002207923de00, length=174, elements={
0x000002205760cee0, 0x00000220730453b0, 0x0000022073073610, 0x0000022073073c80,
0x00000220730887a0, 0x0000022073074680, 0x0000022073074cf0, 0x0000022073096280,
0x00000220730a0910, 0x00000220730b2490, 0x0000022073369e30, 0x0000022074bc6b70,
0x0000022074ba75f0, 0x00000220744ef910, 0x0000022074ff5fc0, 0x000002207509dd50,
0x00000220750adb80, 0x00000220750ac140, 0x00000220750ac7d0, 0x00000220750ace60,
0x00000220750aa700, 0x00000220763e9fd0, 0x00000220763eb380, 0x00000220763ecdc0,
0x00000220763edae0, 0x00000220763ea660, 0x00000220763ee170, 0x00000220763eba10,
0x00000220763ec0a0, 0x00000220763f0f60, 0x00000220763efbb0, 0x00000220763f15f0,
0x00000220763f0240, 0x00000220763f08d0, 0x0000022076eccf20, 0x0000022076ece960,
0x0000022076ecfd10, 0x0000022076ecd5b0, 0x0000022076ecdc40, 0x0000022078d9ca40,
0x00000220789da8e0, 0x000002207f70e860, 0x000002207f70eef0, 0x000002207f70c100,
0x000002207f70ba70, 0x000002207f70c790, 0x000002207f70fc10, 0x000002207f7102a0,
0x00000220789d9bc0, 0x000002207f717f50, 0x000002207f717230, 0x000002207f7178c0,
0x000002207f7157f0, 0x000002207f7185e0, 0x000002207f718c70, 0x000002207f719300,
0x00000220780e4b80, 0x000002207f715e80, 0x000002207f719990, 0x000002207f716510,
0x00000220780e9d40, 0x000002207f71a6b0, 0x0000022079e4aed0, 0x0000022079e4bbf0,
0x0000022079e48770, 0x0000022079e4b560, 0x0000022079e4c280, 0x0000022079e48e00,
0x0000022079e4c910, 0x0000022079e4a840, 0x0000022079e49490, 0x0000022079e4cfa0,
0x0000022079e49b20, 0x0000022079e4a1b0, 0x0000022079e4e9e0, 0x0000022079e4e350,
0x0000022079e4fd90, 0x0000022079e4dcc0, 0x0000022079e4f700, 0x0000022079e3abc0,
0x0000022079e39180, 0x0000022079e37740, 0x0000022079e39810, 0x0000022079e37dd0,
0x0000022079e3b250, 0x0000022079e3a530, 0x0000022079e3b8e0, 0x0000022079e38af0,
0x0000022079e38460, 0x0000022079e3d320, 0x0000022079e3bf70, 0x00000220780eaae0,
0x00000220780e7460, 0x0000022079e39ea0, 0x0000022079e3e6d0, 0x0000022079e3ed60,
0x0000022076ed1750, 0x0000022076ece2d0, 0x0000022076ed1de0, 0x0000022076ed2470,
0x0000022076ed03a0, 0x0000022076ed2b00, 0x0000022076ed10c0, 0x0000022076ecf680,
0x0000022076ed3190, 0x0000022076ed3820, 0x0000022076ed3eb0, 0x0000022076ed0a30,
0x00000220789db600, 0x00000220789e04c0, 0x00000220789e11e0, 0x00000220789dfe30,
0x00000220789e1f00, 0x00000220789e0b50, 0x00000220789e1870, 0x00000220789df110,
0x00000220789e2590, 0x00000220789e2c20, 0x00000220789df7a0, 0x00000220789e6730,
0x00000220789e3fd0, 0x00000220789e32b0, 0x00000220789e6dc0, 0x00000220789e4cf0,
0x00000220789e5a10, 0x00000220789e60a0, 0x00000220789e3940, 0x00000220789e7ae0,
0x00000220789e8e90, 0x000002207f70e1d0, 0x000002207f70b3e0, 0x000002207f710fc0,
0x000002207f711650, 0x000002207f712a00, 0x000002207f714440, 0x000002207f715160,
0x000002207f713090, 0x000002207f711ce0, 0x000002207f713720, 0x000002207f713db0,
0x0000022078d9ddf0, 0x0000022078d9bd20, 0x0000022078d9eb10, 0x0000022078d9f1a0,
0x0000022078da0550, 0x0000022078d9fec0, 0x0000022078d9e480, 0x0000022078d9d0d0,
0x0000022078da1900, 0x0000022078da0be0, 0x0000022078da1f90, 0x00000220763ed450,
0x00000220763eacf0, 0x00000220763ec730, 0x00000220763eee90, 0x00000220750aad90,
0x00000220750ab420, 0x00000220750abab0, 0x000002207f70f580, 0x000002207f716ba0,
0x00000220789e7450, 0x0000022076fc2580, 0x0000022076fc0b40, 0x0000022076fc11d0,
0x0000022076fc32a0, 0x0000022076fc1860, 0x0000022076fc1ef0, 0x0000022076fc2c10,
0x0000022076fbfe20, 0x0000022076fc04b0, 0x0000022076fc6db0, 0x0000022076fc3930,
0x0000022076fc6720, 0x0000022076fc7440
}

Java Threads: ( => current thread )
  0x000002205760cee0 JavaThread "main"                              [_thread_blocked, id=14904, stack(0x000000cd25000000,0x000000cd25100000) (1024K)]
  0x00000220730453b0 JavaThread "Common-Cleaner"             daemon [_thread_blocked, id=32640, stack(0x000000cd25800000,0x000000cd25900000) (1024K)]
  0x0000022073073610 JavaThread "Reference Handler"          daemon [_thread_blocked, id=16704, stack(0x000000cd25900000,0x000000cd25a00000) (1024K)]
  0x0000022073073c80 JavaThread "Finalizer"                  daemon [_thread_blocked, id=22424, stack(0x000000cd25a00000,0x000000cd25b00000) (1024K)]
  0x00000220730887a0 JavaThread "Signal Dispatcher"          daemon [_thread_blocked, id=21484, stack(0x000000cd25b00000,0x000000cd25c00000) (1024K)]
  0x0000022073074680 JavaThread "Attach Listener"            daemon [_thread_blocked, id=20596, stack(0x000000cd25c00000,0x000000cd25d00000) (1024K)]
  0x0000022073074cf0 JavaThread "Service Thread"             daemon [_thread_blocked, id=11428, stack(0x000000cd25d00000,0x000000cd25e00000) (1024K)]
  0x0000022073096280 JavaThread "Monitor Deflation Thread"   daemon [_thread_blocked, id=16768, stack(0x000000cd25e00000,0x000000cd25f00000) (1024K)]
  0x00000220730a0910 JavaThread "C2 CompilerThread0"         daemon [_thread_blocked, id=28996, stack(0x000000cd25f00000,0x000000cd26000000) (1024K)]
  0x00000220730b2490 JavaThread "C1 CompilerThread0"         daemon [_thread_blocked, id=30660, stack(0x000000cd26000000,0x000000cd26100000) (1024K)]
  0x0000022073369e30 JavaThread "Notification Thread"        daemon [_thread_blocked, id=31952, stack(0x000000cd26300000,0x000000cd26400000) (1024K)]
  0x0000022074bc6b70 JavaThread "Daemon health stats"               [_thread_blocked, id=5288, stack(0x000000cd26900000,0x000000cd26a00000) (1024K)]
  0x0000022074ba75f0 JavaThread "Incoming local TCP Connector on port 61483"        [_thread_in_native, id=10244, stack(0x000000cd26a00000,0x000000cd26b00000) (1024K)]
  0x00000220744ef910 JavaThread "Daemon periodic checks"            [_thread_blocked, id=27276, stack(0x000000cd26b00000,0x000000cd26c00000) (1024K)]
  0x0000022074ff5fc0 JavaThread "Daemon"                            [_thread_blocked, id=29764, stack(0x000000cd26c00000,0x000000cd26d00000) (1024K)]
  0x000002207509dd50 JavaThread "Daemon worker"                     [_thread_blocked, id=21056, stack(0x000000cd26f00000,0x000000cd27000000) (1024K)]
  0x00000220750adb80 JavaThread "Cache worker for journal cache (C:\Users\denni\.gradle\caches\journal-1)"        [_thread_blocked, id=30784, stack(0x000000cd27c00000,0x000000cd27d00000) (1024K)]
  0x00000220750ac140 JavaThread "File lock request listener"        [_thread_blocked, id=23992, stack(0x000000cd27d00000,0x000000cd27e00000) (1024K)]
  0x00000220750ac7d0 JavaThread "Cache worker for file hash cache (C:\Users\denni\.gradle\caches\8.11.1\fileHashes)"        [_thread_blocked, id=27360, stack(0x000000cd27e00000,0x000000cd27f00000) (1024K)]
  0x00000220750ace60 JavaThread "File lock release action executor"        [_thread_blocked, id=28452, stack(0x000000cd27f00000,0x000000cd28000000) (1024K)]
  0x00000220750aa700 JavaThread "Cache worker for file content cache (C:\Users\denni\.gradle\caches\8.11.1\fileContent)"        [_thread_blocked, id=16044, stack(0x000000cd26200000,0x000000cd26300000) (1024K)]
  0x00000220763e9fd0 JavaThread "File watcher server"        daemon [_thread_in_native, id=29204, stack(0x000000cd28200000,0x000000cd28300000) (1024K)]
  0x00000220763eb380 JavaThread "File watcher consumer"      daemon [_thread_blocked, id=29308, stack(0x000000cd28300000,0x000000cd28400000) (1024K)]
  0x00000220763ecdc0 JavaThread "jar transforms"                    [_thread_blocked, id=31760, stack(0x000000cd28400000,0x000000cd28500000) (1024K)]
  0x00000220763edae0 JavaThread "jar transforms Thread 2"           [_thread_blocked, id=26920, stack(0x000000cd28500000,0x000000cd28600000) (1024K)]
  0x00000220763ea660 JavaThread "jar transforms Thread 3"           [_thread_blocked, id=16564, stack(0x000000cd28600000,0x000000cd28700000) (1024K)]
  0x00000220763ee170 JavaThread "jar transforms Thread 4"           [_thread_blocked, id=29456, stack(0x000000cd28a00000,0x000000cd28b00000) (1024K)]
  0x00000220763eba10 JavaThread "jar transforms Thread 5"           [_thread_blocked, id=14892, stack(0x000000cd28b00000,0x000000cd28c00000) (1024K)]
  0x00000220763ec0a0 JavaThread "jar transforms Thread 6"           [_thread_blocked, id=21128, stack(0x000000cd26100000,0x000000cd26200000) (1024K)]
  0x00000220763f0f60 JavaThread "jar transforms Thread 7"           [_thread_blocked, id=18732, stack(0x000000cd28c00000,0x000000cd28d00000) (1024K)]
  0x00000220763efbb0 JavaThread "jar transforms Thread 8"           [_thread_blocked, id=24804, stack(0x000000cd28d00000,0x000000cd28e00000) (1024K)]
  0x00000220763f15f0 JavaThread "jar transforms Thread 9"           [_thread_blocked, id=21964, stack(0x000000cd28e00000,0x000000cd28f00000) (1024K)]
  0x00000220763f0240 JavaThread "jar transforms Thread 10"          [_thread_blocked, id=12800, stack(0x000000cd28f00000,0x000000cd29000000) (1024K)]
  0x00000220763f08d0 JavaThread "jar transforms Thread 11"          [_thread_blocked, id=5220, stack(0x000000cd29000000,0x000000cd29100000) (1024K)]
  0x0000022076eccf20 JavaThread "jar transforms Thread 12"          [_thread_blocked, id=23556, stack(0x000000cd29100000,0x000000cd29200000) (1024K)]
  0x0000022076ece960 JavaThread "jar transforms Thread 13"          [_thread_blocked, id=32852, stack(0x000000cd29200000,0x000000cd29300000) (1024K)]
  0x0000022076ecfd10 JavaThread "jar transforms Thread 14"          [_thread_blocked, id=8664, stack(0x000000cd29300000,0x000000cd29400000) (1024K)]
  0x0000022076ecd5b0 JavaThread "jar transforms Thread 15"          [_thread_blocked, id=3788, stack(0x000000cd29400000,0x000000cd29500000) (1024K)]
  0x0000022076ecdc40 JavaThread "jar transforms Thread 16"          [_thread_blocked, id=17236, stack(0x000000cd29500000,0x000000cd29600000) (1024K)]
  0x0000022078d9ca40 JavaThread "Memory manager"                    [_thread_blocked, id=28548, stack(0x000000cd2c500000,0x000000cd2c600000) (1024K)]
  0x00000220789da8e0 JavaThread "pool-3-thread-1"                   [_thread_blocked, id=22784, stack(0x000000cd31200000,0x000000cd31300000) (1024K)]
  0x000002207f70e860 JavaThread "ForkJoinPool.commonPool-worker-1" daemon [_thread_blocked, id=31028, stack(0x000000cd24e00000,0x000000cd24f00000) (1024K)]
  0x000002207f70eef0 JavaThread "ForkJoinPool.commonPool-worker-4" daemon [_thread_blocked, id=17180, stack(0x000000cd2c400000,0x000000cd2c500000) (1024K)]
  0x000002207f70c100 JavaThread "ForkJoinPool.commonPool-worker-5" daemon [_thread_blocked, id=27112, stack(0x000000cd31300000,0x000000cd31400000) (1024K)]
  0x000002207f70ba70 JavaThread "ForkJoinPool.commonPool-worker-6" daemon [_thread_blocked, id=11792, stack(0x000000cd31400000,0x000000cd31500000) (1024K)]
  0x000002207f70c790 JavaThread "ForkJoinPool.commonPool-worker-8" daemon [_thread_blocked, id=18552, stack(0x000000cd31600000,0x000000cd31700000) (1024K)]
  0x000002207f70fc10 JavaThread "ForkJoinPool.commonPool-worker-10" daemon [_thread_blocked, id=5760, stack(0x000000cd31700000,0x000000cd31800000) (1024K)]
  0x000002207f7102a0 JavaThread "ForkJoinPool.commonPool-worker-9" daemon [_thread_blocked, id=31868, stack(0x000000cd31800000,0x000000cd31900000) (1024K)]
  0x00000220789d9bc0 JavaThread "VFS cleanup"                       [_thread_blocked, id=26180, stack(0x000000cd27000000,0x000000cd27100000) (1024K)]
  0x000002207f717f50 JavaThread "Handler for socket connection from /127.0.0.1:61483 to /127.0.0.1:54524"        [_thread_in_native, id=30528, stack(0x000000cd24d00000,0x000000cd24e00000) (1024K)]
  0x000002207f717230 JavaThread "Cancel handler"                    [_thread_blocked, id=23864, stack(0x000000cd24f00000,0x000000cd25000000) (1024K)]
  0x000002207f7178c0 JavaThread "Asynchronous log dispatcher for DefaultDaemonConnection: socket connection from /127.0.0.1:61483 to /127.0.0.1:54524"        [_thread_blocked, id=24920, stack(0x000000cd26d00000,0x000000cd26e00000) (1024K)]
  0x000002207f7157f0 JavaThread "Stdin handler"                     [_thread_blocked, id=27340, stack(0x000000cd26e00000,0x000000cd26f00000) (1024K)]
  0x000002207f7185e0 JavaThread "Daemon client event forwarder"        [_thread_blocked, id=8796, stack(0x000000cd27100000,0x000000cd27200000) (1024K)]
  0x000002207f718c70 JavaThread "Cache worker for file hash cache (C:\Nightcap\android\.gradle\8.11.1\fileHashes)"        [_thread_blocked, id=1392, stack(0x000000cd27200000,0x000000cd27300000) (1024K)]
  0x000002207f719300 JavaThread "Cache worker for Build Output Cleanup Cache (C:\Nightcap\android\.gradle\buildOutputCleanup)"        [_thread_blocked, id=23952, stack(0x000000cd28000000,0x000000cd28100000) (1024K)]
  0x00000220780e4b80 JavaThread "C2 CompilerThread1"         daemon [_thread_blocked, id=26760, stack(0x000000cd28100000,0x000000cd28200000) (1024K)]
  0x000002207f715e80 JavaThread "Cache worker for checksums cache (C:\Nightcap\android\.gradle\8.11.1\checksums)"        [_thread_blocked, id=31428, stack(0x000000cd28800000,0x000000cd28900000) (1024K)]
  0x000002207f719990 JavaThread "Cache worker for cache directory md-rule (C:\Users\denni\.gradle\caches\8.11.1\md-rule)"        [_thread_blocked, id=14800, stack(0x000000cd28900000,0x000000cd28a00000) (1024K)]
  0x000002207f716510 JavaThread "Cache worker for cache directory md-supplier (C:\Users\denni\.gradle\caches\8.11.1\md-supplier)"        [_thread_blocked, id=7060, stack(0x000000cd29600000,0x000000cd29700000) (1024K)]
  0x00000220780e9d40 JavaThread "C1 CompilerThread1"         daemon [_thread_blocked, id=6984, stack(0x000000cd29900000,0x000000cd29a00000) (1024K)]
  0x000002207f71a6b0 JavaThread "Unconstrained build operations"        [_thread_blocked, id=6008, stack(0x000000cd29a00000,0x000000cd29b00000) (1024K)]
  0x0000022079e4aed0 JavaThread "Unconstrained build operations Thread 2"        [_thread_blocked, id=17232, stack(0x000000cd29b00000,0x000000cd29c00000) (1024K)]
  0x0000022079e4bbf0 JavaThread "Unconstrained build operations Thread 3"        [_thread_blocked, id=10568, stack(0x000000cd29c00000,0x000000cd29d00000) (1024K)]
  0x0000022079e48770 JavaThread "Unconstrained build operations Thread 4"        [_thread_blocked, id=3104, stack(0x000000cd29d00000,0x000000cd29e00000) (1024K)]
  0x0000022079e4b560 JavaThread "Unconstrained build operations Thread 5"        [_thread_blocked, id=14452, stack(0x000000cd29e00000,0x000000cd29f00000) (1024K)]
  0x0000022079e4c280 JavaThread "Unconstrained build operations Thread 6"        [_thread_blocked, id=14276, stack(0x000000cd29f00000,0x000000cd2a000000) (1024K)]
  0x0000022079e48e00 JavaThread "Unconstrained build operations Thread 7"        [_thread_blocked, id=30504, stack(0x000000cd2a000000,0x000000cd2a100000) (1024K)]
  0x0000022079e4c910 JavaThread "Unconstrained build operations Thread 8"        [_thread_blocked, id=11440, stack(0x000000cd2a100000,0x000000cd2a200000) (1024K)]
  0x0000022079e4a840 JavaThread "Unconstrained build operations Thread 9"        [_thread_blocked, id=25472, stack(0x000000cd2a200000,0x000000cd2a300000) (1024K)]
  0x0000022079e49490 JavaThread "Unconstrained build operations Thread 10"        [_thread_blocked, id=31932, stack(0x000000cd2a300000,0x000000cd2a400000) (1024K)]
  0x0000022079e4cfa0 JavaThread "Unconstrained build operations Thread 11"        [_thread_blocked, id=15320, stack(0x000000cd2a400000,0x000000cd2a500000) (1024K)]
  0x0000022079e49b20 JavaThread "Unconstrained build operations Thread 12"        [_thread_blocked, id=4636, stack(0x000000cd2a500000,0x000000cd2a600000) (1024K)]
  0x0000022079e4a1b0 JavaThread "Unconstrained build operations Thread 13"        [_thread_blocked, id=27928, stack(0x000000cd2a600000,0x000000cd2a700000) (1024K)]
  0x0000022079e4e9e0 JavaThread "Unconstrained build operations Thread 14"        [_thread_blocked, id=7272, stack(0x000000cd2a700000,0x000000cd2a800000) (1024K)]
  0x0000022079e4e350 JavaThread "Unconstrained build operations Thread 15"        [_thread_blocked, id=11296, stack(0x000000cd2a800000,0x000000cd2a900000) (1024K)]
  0x0000022079e4fd90 JavaThread "Unconstrained build operations Thread 16"        [_thread_blocked, id=24096, stack(0x000000cd2a900000,0x000000cd2aa00000) (1024K)]
  0x0000022079e4dcc0 JavaThread "Unconstrained build operations Thread 17"        [_thread_blocked, id=14668, stack(0x000000cd2aa00000,0x000000cd2ab00000) (1024K)]
  0x0000022079e4f700 JavaThread "Unconstrained build operations Thread 18"        [_thread_blocked, id=30536, stack(0x000000cd2ab00000,0x000000cd2ac00000) (1024K)]
  0x0000022079e3abc0 JavaThread "Unconstrained build operations Thread 19"        [_thread_blocked, id=24960, stack(0x000000cd2ac00000,0x000000cd2ad00000) (1024K)]
  0x0000022079e39180 JavaThread "Unconstrained build operations Thread 20"        [_thread_blocked, id=9456, stack(0x000000cd2ad00000,0x000000cd2ae00000) (1024K)]
  0x0000022079e37740 JavaThread "Unconstrained build operations Thread 21"        [_thread_blocked, id=27636, stack(0x000000cd2ae00000,0x000000cd2af00000) (1024K)]
  0x0000022079e39810 JavaThread "Unconstrained build operations Thread 22"        [_thread_blocked, id=7236, stack(0x000000cd2af00000,0x000000cd2b000000) (1024K)]
  0x0000022079e37dd0 JavaThread "Unconstrained build operations Thread 23"        [_thread_blocked, id=31636, stack(0x000000cd2b000000,0x000000cd2b100000) (1024K)]
  0x0000022079e3b250 JavaThread "Unconstrained build operations Thread 24"        [_thread_blocked, id=10748, stack(0x000000cd2b100000,0x000000cd2b200000) (1024K)]
  0x0000022079e3a530 JavaThread "Unconstrained build operations Thread 25"        [_thread_blocked, id=4524, stack(0x000000cd2b200000,0x000000cd2b300000) (1024K)]
  0x0000022079e3b8e0 JavaThread "Unconstrained build operations Thread 26"        [_thread_blocked, id=30104, stack(0x000000cd2b300000,0x000000cd2b400000) (1024K)]
  0x0000022079e38af0 JavaThread "Unconstrained build operations Thread 27"        [_thread_blocked, id=18668, stack(0x000000cd2b400000,0x000000cd2b500000) (1024K)]
  0x0000022079e38460 JavaThread "Unconstrained build operations Thread 28"        [_thread_blocked, id=22988, stack(0x000000cd2b500000,0x000000cd2b600000) (1024K)]
  0x0000022079e3d320 JavaThread "Unconstrained build operations Thread 29"        [_thread_blocked, id=33044, stack(0x000000cd2b600000,0x000000cd2b700000) (1024K)]
  0x0000022079e3bf70 JavaThread "Unconstrained build operations Thread 30"        [_thread_blocked, id=1584, stack(0x000000cd2b700000,0x000000cd2b800000) (1024K)]
  0x00000220780eaae0 JavaThread "C1 CompilerThread2"         daemon [_thread_blocked, id=22216, stack(0x000000cd2b800000,0x000000cd2b900000) (1024K)]
  0x00000220780e7460 JavaThread "C1 CompilerThread3"         daemon [_thread_blocked, id=4812, stack(0x000000cd2b900000,0x000000cd2ba00000) (1024K)]
  0x0000022079e39ea0 JavaThread "Unconstrained build operations Thread 31"        [_thread_blocked, id=2032, stack(0x000000cd2ba00000,0x000000cd2bb00000) (1024K)]
  0x0000022079e3e6d0 JavaThread "Unconstrained build operations Thread 32"        [_thread_blocked, id=32788, stack(0x000000cd2bb00000,0x000000cd2bc00000) (1024K)]
  0x0000022079e3ed60 JavaThread "Unconstrained build operations Thread 33"        [_thread_blocked, id=16172, stack(0x000000cd2bc00000,0x000000cd2bd00000) (1024K)]
  0x0000022076ed1750 JavaThread "Unconstrained build operations Thread 34"        [_thread_blocked, id=31424, stack(0x000000cd2bd00000,0x000000cd2be00000) (1024K)]
  0x0000022076ece2d0 JavaThread "Unconstrained build operations Thread 35"        [_thread_blocked, id=8620, stack(0x000000cd2be00000,0x000000cd2bf00000) (1024K)]
  0x0000022076ed1de0 JavaThread "Unconstrained build operations Thread 36"        [_thread_blocked, id=22280, stack(0x000000cd2bf00000,0x000000cd2c000000) (1024K)]
  0x0000022076ed2470 JavaThread "Unconstrained build operations Thread 37"        [_thread_blocked, id=28640, stack(0x000000cd2c000000,0x000000cd2c100000) (1024K)]
  0x0000022076ed03a0 JavaThread "Unconstrained build operations Thread 38"        [_thread_blocked, id=19776, stack(0x000000cd2c100000,0x000000cd2c200000) (1024K)]
  0x0000022076ed2b00 JavaThread "Unconstrained build operations Thread 39"        [_thread_blocked, id=32948, stack(0x000000cd2c200000,0x000000cd2c300000) (1024K)]
  0x0000022076ed10c0 JavaThread "Unconstrained build operations Thread 40"        [_thread_blocked, id=21856, stack(0x000000cd2c300000,0x000000cd2c400000) (1024K)]
  0x0000022076ecf680 JavaThread "Unconstrained build operations Thread 41"        [_thread_blocked, id=19876, stack(0x000000cd2c600000,0x000000cd2c700000) (1024K)]
  0x0000022076ed3190 JavaThread "Unconstrained build operations Thread 42"        [_thread_blocked, id=4800, stack(0x000000cd2c700000,0x000000cd2c800000) (1024K)]
  0x0000022076ed3820 JavaThread "Unconstrained build operations Thread 43"        [_thread_blocked, id=31548, stack(0x000000cd2c800000,0x000000cd2c900000) (1024K)]
  0x0000022076ed3eb0 JavaThread "Unconstrained build operations Thread 44"        [_thread_blocked, id=17676, stack(0x000000cd2c900000,0x000000cd2ca00000) (1024K)]
  0x0000022076ed0a30 JavaThread "Unconstrained build operations Thread 45"        [_thread_blocked, id=17760, stack(0x000000cd2ca00000,0x000000cd2cb00000) (1024K)]
  0x00000220789db600 JavaThread "Unconstrained build operations Thread 46"        [_thread_blocked, id=22380, stack(0x000000cd2cb00000,0x000000cd2cc00000) (1024K)]
  0x00000220789e04c0 JavaThread "Unconstrained build operations Thread 47"        [_thread_blocked, id=28664, stack(0x000000cd2cc00000,0x000000cd2cd00000) (1024K)]
  0x00000220789e11e0 JavaThread "Unconstrained build operations Thread 48"        [_thread_blocked, id=29792, stack(0x000000cd2cd00000,0x000000cd2ce00000) (1024K)]
  0x00000220789dfe30 JavaThread "Unconstrained build operations Thread 49"        [_thread_blocked, id=23452, stack(0x000000cd2ce00000,0x000000cd2cf00000) (1024K)]
  0x00000220789e1f00 JavaThread "Unconstrained build operations Thread 50"        [_thread_blocked, id=22560, stack(0x000000cd2cf00000,0x000000cd2d000000) (1024K)]
  0x00000220789e0b50 JavaThread "Unconstrained build operations Thread 51"        [_thread_blocked, id=4496, stack(0x000000cd2d000000,0x000000cd2d100000) (1024K)]
  0x00000220789e1870 JavaThread "Unconstrained build operations Thread 52"        [_thread_blocked, id=27320, stack(0x000000cd2d100000,0x000000cd2d200000) (1024K)]
  0x00000220789df110 JavaThread "Unconstrained build operations Thread 53"        [_thread_blocked, id=4216, stack(0x000000cd2d200000,0x000000cd2d300000) (1024K)]
  0x00000220789e2590 JavaThread "Unconstrained build operations Thread 54"        [_thread_blocked, id=21184, stack(0x000000cd2d300000,0x000000cd2d400000) (1024K)]
  0x00000220789e2c20 JavaThread "Unconstrained build operations Thread 55"        [_thread_blocked, id=25764, stack(0x000000cd2d400000,0x000000cd2d500000) (1024K)]
  0x00000220789df7a0 JavaThread "Unconstrained build operations Thread 56"        [_thread_blocked, id=26556, stack(0x000000cd2d500000,0x000000cd2d600000) (1024K)]
  0x00000220789e6730 JavaThread "Unconstrained build operations Thread 57"        [_thread_blocked, id=28760, stack(0x000000cd2d600000,0x000000cd2d700000) (1024K)]
  0x00000220789e3fd0 JavaThread "Unconstrained build operations Thread 58"        [_thread_blocked, id=6844, stack(0x000000cd2d700000,0x000000cd2d800000) (1024K)]
  0x00000220789e32b0 JavaThread "Unconstrained build operations Thread 59"        [_thread_blocked, id=21284, stack(0x000000cd2d800000,0x000000cd2d900000) (1024K)]
  0x00000220789e6dc0 JavaThread "Unconstrained build operations Thread 60"        [_thread_blocked, id=33072, stack(0x000000cd2d900000,0x000000cd2da00000) (1024K)]
  0x00000220789e4cf0 JavaThread "Unconstrained build operations Thread 61"        [_thread_blocked, id=27192, stack(0x000000cd2da00000,0x000000cd2db00000) (1024K)]
  0x00000220789e5a10 JavaThread "Unconstrained build operations Thread 62"        [_thread_blocked, id=29864, stack(0x000000cd2db00000,0x000000cd2dc00000) (1024K)]
  0x00000220789e60a0 JavaThread "Unconstrained build operations Thread 63"        [_thread_blocked, id=7904, stack(0x000000cd2dc00000,0x000000cd2dd00000) (1024K)]
  0x00000220789e3940 JavaThread "Unconstrained build operations Thread 64"        [_thread_blocked, id=18356, stack(0x000000cd2dd00000,0x000000cd2de00000) (1024K)]
  0x00000220789e7ae0 JavaThread "Unconstrained build operations Thread 65"        [_thread_blocked, id=15220, stack(0x000000cd2de00000,0x000000cd2df00000) (1024K)]
  0x00000220789e8e90 JavaThread "Unconstrained build operations Thread 66"        [_thread_blocked, id=13192, stack(0x000000cd2df00000,0x000000cd2e000000) (1024K)]
  0x000002207f70e1d0 JavaThread "Unconstrained build operations Thread 67"        [_thread_blocked, id=29252, stack(0x000000cd2e000000,0x000000cd2e100000) (1024K)]
  0x000002207f70b3e0 JavaThread "Unconstrained build operations Thread 68"        [_thread_blocked, id=17036, stack(0x000000cd2e100000,0x000000cd2e200000) (1024K)]
  0x000002207f710fc0 JavaThread "Unconstrained build operations Thread 69"        [_thread_blocked, id=22088, stack(0x000000cd2e200000,0x000000cd2e300000) (1024K)]
  0x000002207f711650 JavaThread "Unconstrained build operations Thread 70"        [_thread_blocked, id=23576, stack(0x000000cd2e300000,0x000000cd2e400000) (1024K)]
  0x000002207f712a00 JavaThread "Unconstrained build operations Thread 71"        [_thread_blocked, id=13696, stack(0x000000cd2e400000,0x000000cd2e500000) (1024K)]
  0x000002207f714440 JavaThread "Unconstrained build operations Thread 72"        [_thread_blocked, id=20236, stack(0x000000cd2e500000,0x000000cd2e600000) (1024K)]
  0x000002207f715160 JavaThread "Unconstrained build operations Thread 73"        [_thread_blocked, id=9200, stack(0x000000cd2e600000,0x000000cd2e700000) (1024K)]
  0x000002207f713090 JavaThread "Unconstrained build operations Thread 74"        [_thread_blocked, id=13652, stack(0x000000cd2e700000,0x000000cd2e800000) (1024K)]
  0x000002207f711ce0 JavaThread "Unconstrained build operations Thread 75"        [_thread_blocked, id=31336, stack(0x000000cd2e800000,0x000000cd2e900000) (1024K)]
  0x000002207f713720 JavaThread "Unconstrained build operations Thread 76"        [_thread_blocked, id=10620, stack(0x000000cd29800000,0x000000cd29900000) (1024K)]
  0x000002207f713db0 JavaThread "Unconstrained build operations Thread 77"        [_thread_blocked, id=20300, stack(0x000000cd2e900000,0x000000cd2ea00000) (1024K)]
  0x0000022078d9ddf0 JavaThread "Unconstrained build operations Thread 78"        [_thread_blocked, id=31160, stack(0x000000cd2ea00000,0x000000cd2eb00000) (1024K)]
  0x0000022078d9bd20 JavaThread "Unconstrained build operations Thread 79"        [_thread_blocked, id=2516, stack(0x000000cd2eb00000,0x000000cd2ec00000) (1024K)]
  0x0000022078d9eb10 JavaThread "Unconstrained build operations Thread 80"        [_thread_blocked, id=20960, stack(0x000000cd2ec00000,0x000000cd2ed00000) (1024K)]
  0x0000022078d9f1a0 JavaThread "Unconstrained build operations Thread 81"        [_thread_blocked, id=25516, stack(0x000000cd2ed00000,0x000000cd2ee00000) (1024K)]
  0x0000022078da0550 JavaThread "Unconstrained build operations Thread 82"        [_thread_blocked, id=27844, stack(0x000000cd2ee00000,0x000000cd2ef00000) (1024K)]
  0x0000022078d9fec0 JavaThread "Unconstrained build operations Thread 83"        [_thread_blocked, id=24692, stack(0x000000cd2ef00000,0x000000cd2f000000) (1024K)]
  0x0000022078d9e480 JavaThread "Unconstrained build operations Thread 84"        [_thread_blocked, id=15680, stack(0x000000cd2f000000,0x000000cd2f100000) (1024K)]
  0x0000022078d9d0d0 JavaThread "Unconstrained build operations Thread 85"        [_thread_blocked, id=31972, stack(0x000000cd2f100000,0x000000cd2f200000) (1024K)]
  0x0000022078da1900 JavaThread "Unconstrained build operations Thread 86"        [_thread_blocked, id=17636, stack(0x000000cd2f200000,0x000000cd2f300000) (1024K)]
  0x0000022078da0be0 JavaThread "Unconstrained build operations Thread 87"        [_thread_blocked, id=23712, stack(0x000000cd2f300000,0x000000cd2f400000) (1024K)]
  0x0000022078da1f90 JavaThread "Unconstrained build operations Thread 88"        [_thread_blocked, id=4444, stack(0x000000cd2f400000,0x000000cd2f500000) (1024K)]
  0x00000220763ed450 JavaThread "Unconstrained build operations Thread 89"        [_thread_blocked, id=24484, stack(0x000000cd2f500000,0x000000cd2f600000) (1024K)]
  0x00000220763eacf0 JavaThread "Unconstrained build operations Thread 90"        [_thread_blocked, id=31556, stack(0x000000cd2f600000,0x000000cd2f700000) (1024K)]
  0x00000220763ec730 JavaThread "build event listener"              [_thread_blocked, id=7112, stack(0x000000cd2f800000,0x000000cd2f900000) (1024K)]
  0x00000220763eee90 JavaThread "pool-6-thread-1"                   [_thread_blocked, id=33040, stack(0x000000cd2f900000,0x000000cd2fa00000) (1024K)]
  0x00000220750aad90 JavaThread "included builds"                   [_thread_blocked, id=11372, stack(0x000000cd2fa00000,0x000000cd2fb00000) (1024K)]
  0x00000220750ab420 JavaThread "Execution worker"                  [_thread_blocked, id=30300, stack(0x000000cd2fb00000,0x000000cd2fc00000) (1024K)]
  0x00000220750abab0 JavaThread "Execution worker Thread 2"         [_thread_blocked, id=4204, stack(0x000000cd2fc00000,0x000000cd2fd00000) (1024K)]
  0x000002207f70f580 JavaThread "Execution worker Thread 3"         [_thread_blocked, id=9400, stack(0x000000cd2fd00000,0x000000cd2fe00000) (1024K)]
  0x000002207f716ba0 JavaThread "Execution worker Thread 4"         [_thread_blocked, id=5172, stack(0x000000cd2fe00000,0x000000cd2ff00000) (1024K)]
  0x00000220789e7450 JavaThread "Execution worker Thread 5"         [_thread_blocked, id=9704, stack(0x000000cd2ff00000,0x000000cd30000000) (1024K)]
  0x0000022076fc2580 JavaThread "Execution worker Thread 6"         [_thread_blocked, id=23412, stack(0x000000cd30000000,0x000000cd30100000) (1024K)]
  0x0000022076fc0b40 JavaThread "Execution worker Thread 7"         [_thread_blocked, id=32324, stack(0x000000cd30100000,0x000000cd30200000) (1024K)]
  0x0000022076fc11d0 JavaThread "Execution worker Thread 8"         [_thread_blocked, id=27568, stack(0x000000cd30200000,0x000000cd30300000) (1024K)]
  0x0000022076fc32a0 JavaThread "Execution worker Thread 9"         [_thread_blocked, id=28208, stack(0x000000cd30300000,0x000000cd30400000) (1024K)]
  0x0000022076fc1860 JavaThread "Execution worker Thread 10"        [_thread_blocked, id=33248, stack(0x000000cd30400000,0x000000cd30500000) (1024K)]
  0x0000022076fc1ef0 JavaThread "Execution worker Thread 11"        [_thread_blocked, id=21644, stack(0x000000cd30500000,0x000000cd30600000) (1024K)]
  0x0000022076fc2c10 JavaThread "Execution worker Thread 12"        [_thread_blocked, id=28564, stack(0x000000cd30600000,0x000000cd30700000) (1024K)]
  0x0000022076fbfe20 JavaThread "Execution worker Thread 13"        [_thread_blocked, id=20444, stack(0x000000cd30700000,0x000000cd30800000) (1024K)]
  0x0000022076fc04b0 JavaThread "Execution worker Thread 14"        [_thread_blocked, id=23144, stack(0x000000cd30800000,0x000000cd30900000) (1024K)]
  0x0000022076fc6db0 JavaThread "Execution worker Thread 15"        [_thread_blocked, id=2420, stack(0x000000cd30900000,0x000000cd30a00000) (1024K)]
  0x0000022076fc3930 JavaThread "Cache worker for execution history cache (C:\Nightcap\android\.gradle\8.11.1\executionHistory)"        [_thread_blocked, id=9332, stack(0x000000cd30a00000,0x000000cd30b00000) (1024K)]
  0x0000022076fc6720 JavaThread "ForkJoinPool.commonPool-worker-11" daemon [_thread_blocked, id=10284, stack(0x000000cd28700000,0x000000cd28800000) (1024K)]
  0x0000022076fc7440 JavaThread "ForkJoinPool.commonPool-worker-12" daemon [_thread_blocked, id=6036, stack(0x000000cd29700000,0x000000cd29800000) (1024K)]
Total: 174

Other Threads:
=>0x000002205525e640 VMThread "VM Thread"                           [id=31592, stack(0x000000cd25700000,0x000000cd25800000) (1024K)]
  0x000002206ed61d50 WatcherThread "VM Periodic Task Thread"        [id=11120, stack(0x000000cd25600000,0x000000cd25700000) (1024K)]
  0x000002205525e2a0 WorkerThread "GC Thread#0"                     [id=11584, stack(0x000000cd25100000,0x000000cd25200000) (1024K)]
  0x000002205525ed80 WorkerThread "GC Thread#1"                     [id=7840, stack(0x000000cd26400000,0x000000cd26500000) (1024K)]
  0x000002205525f120 WorkerThread "GC Thread#2"                     [id=25228, stack(0x000000cd26500000,0x000000cd26600000) (1024K)]
  0x000002205525f4c0 WorkerThread "GC Thread#3"                     [id=27808, stack(0x000000cd26600000,0x000000cd26700000) (1024K)]
  0x0000022074124450 WorkerThread "GC Thread#4"                     [id=11728, stack(0x000000cd26700000,0x000000cd26800000) (1024K)]
  0x00000220741240b0 WorkerThread "GC Thread#5"                     [id=33556, stack(0x000000cd26800000,0x000000cd26900000) (1024K)]
  0x0000022074124b90 WorkerThread "GC Thread#6"                     [id=26808, stack(0x000000cd27300000,0x000000cd27400000) (1024K)]
  0x00000220741247f0 WorkerThread "GC Thread#7"                     [id=29036, stack(0x000000cd27400000,0x000000cd27500000) (1024K)]
  0x0000022074122af0 WorkerThread "GC Thread#8"                     [id=29060, stack(0x000000cd27500000,0x000000cd27600000) (1024K)]
  0x00000220741218d0 WorkerThread "GC Thread#9"                     [id=29064, stack(0x000000cd27600000,0x000000cd27700000) (1024K)]
  0x0000022074121c70 WorkerThread "GC Thread#10"                    [id=29072, stack(0x000000cd27700000,0x000000cd27800000) (1024K)]
  0x0000022074122010 WorkerThread "GC Thread#11"                    [id=29088, stack(0x000000cd27800000,0x000000cd27900000) (1024K)]
  0x0000022074122750 WorkerThread "GC Thread#12"                    [id=28352, stack(0x000000cd27900000,0x000000cd27a00000) (1024K)]
  0x0000022057661f30 ConcurrentGCThread "G1 Main Marker"            [id=28236, stack(0x000000cd25200000,0x000000cd25300000) (1024K)]
  0x000002205525e9e0 WorkerThread "G1 Conc#0"                       [id=19964, stack(0x000000cd25300000,0x000000cd25400000) (1024K)]
  0x0000022074122e90 WorkerThread "G1 Conc#1"                       [id=8076, stack(0x000000cd27a00000,0x000000cd27b00000) (1024K)]
  0x0000022074123970 WorkerThread "G1 Conc#2"                       [id=28008, stack(0x000000cd27b00000,0x000000cd27c00000) (1024K)]
  0x00000220576ceb70 ConcurrentGCThread "G1 Refine#0"               [id=30476, stack(0x000000cd25400000,0x000000cd25500000) (1024K)]
  0x000002206ec2d250 ConcurrentGCThread "G1 Service"                [id=17436, stack(0x000000cd25500000,0x000000cd25600000) (1024K)]
Total: 21

Threads with active compile tasks:
C2 CompilerThread0  76990 16801       4       org.gradle.api.internal.DefaultNamedDomainObjectCollection::findByName (61 bytes)
C2 CompilerThread1  76990 17019       4       org.gradle.api.internal.file.collections.DefaultConfigurableFileCollection::<init> (88 bytes)
Total: 2

VM state: at safepoint (normal execution)

VM Mutex/Monitor currently owned by a thread:  ([mutex/lock_event])
[0x00007ffc22c41468] Threads_lock - owner thread: 0x000002205525e640
[0x00007ffc22c41568] Heap_lock - owner thread: 0x0000022057661f30

Heap address: 0x00000000a0000000, size: 1536 MB, Compressed Oops mode: 32-bit

CDS archive(s) not mapped
Compressed class space mapped at: 0x0000000100000000-0x0000000140000000, reserved size: 1073741824
Narrow klass base: 0x0000000000000000, Narrow klass shift: 3, Narrow klass range: 0x140000000

GC Precious Log:
 CardTable entry size: 512
 Card Set container configuration: InlinePtr #cards 5 size 8 Array Of Cards #cards 12 size 40 Howl #buckets 4 coarsen threshold 1843 Howl Bitmap #cards 512 size 80 coarsen threshold 460 Card regions per heap region 1 cards per card region 2048
 CPUs: 16 total, 16 available
 Memory: 7541M
 Large Page Support: Disabled
 NUMA Support: Disabled
 Compressed Oops: Enabled (32-bit)
 Heap Region Size: 1M
 Heap Min Capacity: 8M
 Heap Initial Capacity: 118M
 Heap Max Capacity: 1536M
 Pre-touch: Disabled
 Parallel Workers: 13
 Concurrent Workers: 3
 Concurrent Refinement Workers: 13
 Periodic GC: Disabled

Heap:
 garbage-first heap   total 235520K, used 171360K [0x00000000a0000000, 0x0000000100000000)
  region size 1024K, 22 young (22528K), 9 survivors (9216K)
 Metaspace       used 125436K, committed 127680K, reserved 1179648K
  class space    used 16827K, committed 17920K, reserved 1048576K

Heap Regions: E=young(eden), S=young(survivor), O=old, HS=humongous(starts), HC=humongous(continues), CS=collection set, F=free, TAMS=top-at-mark-start, PB=parsable bottom
|   0|0x00000000a0000000, 0x00000000a0100000, 0x00000000a0100000|100%|HS|  |TAMS 0x00000000a0100000| PB 0x00000000a0000000| Complete 
|   1|0x00000000a0100000, 0x00000000a0200000, 0x00000000a0200000|100%|HC|  |TAMS 0x00000000a0200000| PB 0x00000000a0100000| Complete 
|   2|0x00000000a0200000, 0x00000000a0300000, 0x00000000a0300000|100%|HC|  |TAMS 0x00000000a0300000| PB 0x00000000a0200000| Complete 
|   3|0x00000000a0300000, 0x00000000a0400000, 0x00000000a0400000|100%| O|  |TAMS 0x00000000a0400000| PB 0x00000000a0400000| Untracked 
|   4|0x00000000a0400000, 0x00000000a0500000, 0x00000000a0500000|100%| O|  |TAMS 0x00000000a0500000| PB 0x00000000a0500000| Untracked 
|   5|0x00000000a0500000, 0x00000000a0600000, 0x00000000a0600000|100%| O|  |TAMS 0x00000000a0600000| PB 0x00000000a0600000| Untracked 
|   6|0x00000000a0600000, 0x00000000a0700000, 0x00000000a0700000|100%|HS|  |TAMS 0x00000000a0700000| PB 0x00000000a0600000| Complete 
|   7|0x00000000a0700000, 0x00000000a0800000, 0x00000000a0800000|100%| O|  |TAMS 0x00000000a0800000| PB 0x00000000a0800000| Untracked 
|   8|0x00000000a0800000, 0x00000000a0900000, 0x00000000a0900000|100%| O|  |TAMS 0x00000000a0900000| PB 0x00000000a0900000| Untracked 
|   9|0x00000000a0900000, 0x00000000a0a00000, 0x00000000a0a00000|100%| O|  |TAMS 0x00000000a0a00000| PB 0x00000000a0a00000| Untracked 
|  10|0x00000000a0a00000, 0x00000000a0b00000, 0x00000000a0b00000|100%| O|  |TAMS 0x00000000a0b00000| PB 0x00000000a0b00000| Untracked 
|  11|0x00000000a0b00000, 0x00000000a0c00000, 0x00000000a0c00000|100%| O|  |TAMS 0x00000000a0c00000| PB 0x00000000a0c00000| Untracked 
|  12|0x00000000a0c00000, 0x00000000a0d00000, 0x00000000a0d00000|100%| O|  |TAMS 0x00000000a0d00000| PB 0x00000000a0d00000| Updating 
|  13|0x00000000a0d00000, 0x00000000a0e00000, 0x00000000a0e00000|100%| O|  |TAMS 0x00000000a0e00000| PB 0x00000000a0e00000| Untracked 
|  14|0x00000000a0e00000, 0x00000000a0f00000, 0x00000000a0f00000|100%| O|  |TAMS 0x00000000a0f00000| PB 0x00000000a0f00000| Untracked 
|  15|0x00000000a0f00000, 0x00000000a1000000, 0x00000000a1000000|100%| O|  |TAMS 0x00000000a1000000| PB 0x00000000a1000000| Untracked 
|  16|0x00000000a1000000, 0x00000000a1100000, 0x00000000a1100000|100%| O|  |TAMS 0x00000000a1100000| PB 0x00000000a1100000| Updating 
|  17|0x00000000a1100000, 0x00000000a1200000, 0x00000000a1200000|100%| O|  |TAMS 0x00000000a1200000| PB 0x00000000a1200000| Updating 
|  18|0x00000000a1200000, 0x00000000a1300000, 0x00000000a1300000|100%| O|  |TAMS 0x00000000a1300000| PB 0x00000000a1300000| Untracked 
|  19|0x00000000a1300000, 0x00000000a1400000, 0x00000000a1400000|100%| O|  |TAMS 0x00000000a1400000| PB 0x00000000a1400000| Untracked 
|  20|0x00000000a1400000, 0x00000000a1500000, 0x00000000a1500000|100%| O|  |TAMS 0x00000000a1500000| PB 0x00000000a1500000| Untracked 
|  21|0x00000000a1500000, 0x00000000a1600000, 0x00000000a1600000|100%| O|  |TAMS 0x00000000a1600000| PB 0x00000000a1600000| Untracked 
|  22|0x00000000a1600000, 0x00000000a1700000, 0x00000000a1700000|100%| O|  |TAMS 0x00000000a1700000| PB 0x00000000a1700000| Updating 
|  23|0x00000000a1700000, 0x00000000a1800000, 0x00000000a1800000|100%| O|  |TAMS 0x00000000a1800000| PB 0x00000000a1800000| Untracked 
|  24|0x00000000a1800000, 0x00000000a1900000, 0x00000000a1900000|100%| O|  |TAMS 0x00000000a1900000| PB 0x00000000a1900000| Untracked 
|  25|0x00000000a1900000, 0x00000000a1a00000, 0x00000000a1a00000|100%| O|  |TAMS 0x00000000a1a00000| PB 0x00000000a1a00000| Updating 
|  26|0x00000000a1a00000, 0x00000000a1b00000, 0x00000000a1b00000|100%| O|  |TAMS 0x00000000a1b00000| PB 0x00000000a1b00000| Updating 
|  27|0x00000000a1b00000, 0x00000000a1c00000, 0x00000000a1c00000|100%| O|  |TAMS 0x00000000a1c00000| PB 0x00000000a1c00000| Updating 
|  28|0x00000000a1c00000, 0x00000000a1d00000, 0x00000000a1d00000|100%| O|  |TAMS 0x00000000a1d00000| PB 0x00000000a1d00000| Updating 
|  29|0x00000000a1d00000, 0x00000000a1e00000, 0x00000000a1e00000|100%| O|  |TAMS 0x00000000a1e00000| PB 0x00000000a1e00000| Updating 
|  30|0x00000000a1e00000, 0x00000000a1f00000, 0x00000000a1f00000|100%| O|  |TAMS 0x00000000a1f00000| PB 0x00000000a1f00000| Untracked 
|  31|0x00000000a1f00000, 0x00000000a2000000, 0x00000000a2000000|100%| O|  |TAMS 0x00000000a2000000| PB 0x00000000a2000000| Untracked 
|  32|0x00000000a2000000, 0x00000000a2100000, 0x00000000a2100000|100%| O|  |TAMS 0x00000000a2100000| PB 0x00000000a2100000| Updating 
|  33|0x00000000a2100000, 0x00000000a2200000, 0x00000000a2200000|100%| O|  |TAMS 0x00000000a2200000| PB 0x00000000a2200000| Updating 
|  34|0x00000000a2200000, 0x00000000a2300000, 0x00000000a2300000|100%| O|  |TAMS 0x00000000a2300000| PB 0x00000000a2300000| Untracked 
|  35|0x00000000a2300000, 0x00000000a2400000, 0x00000000a2400000|100%| O|  |TAMS 0x00000000a2400000| PB 0x00000000a2400000| Updating 
|  36|0x00000000a2400000, 0x00000000a2500000, 0x00000000a2500000|100%| O|  |TAMS 0x00000000a2500000| PB 0x00000000a2500000| Updating 
|  37|0x00000000a2500000, 0x00000000a2600000, 0x00000000a2600000|100%| O|  |TAMS 0x00000000a2600000| PB 0x00000000a2600000| Updating 
|  38|0x00000000a2600000, 0x00000000a2700000, 0x00000000a2700000|100%| O|  |TAMS 0x00000000a2700000| PB 0x00000000a2700000| Updating 
|  39|0x00000000a2700000, 0x00000000a2800000, 0x00000000a2800000|100%| O|  |TAMS 0x00000000a2800000| PB 0x00000000a2800000| Updating 
|  40|0x00000000a2800000, 0x00000000a2900000, 0x00000000a2900000|100%| O|  |TAMS 0x00000000a2900000| PB 0x00000000a2900000| Updating 
|  41|0x00000000a2900000, 0x00000000a2a00000, 0x00000000a2a00000|100%| O|  |TAMS 0x00000000a2a00000| PB 0x00000000a2a00000| Updating 
|  42|0x00000000a2a00000, 0x00000000a2b00000, 0x00000000a2b00000|100%|HS|  |TAMS 0x00000000a2b00000| PB 0x00000000a2a00000| Complete 
|  43|0x00000000a2b00000, 0x00000000a2c00000, 0x00000000a2c00000|100%| O|  |TAMS 0x00000000a2c00000| PB 0x00000000a2c00000| Updating 
|  44|0x00000000a2c00000, 0x00000000a2d00000, 0x00000000a2d00000|100%| O|  |TAMS 0x00000000a2d00000| PB 0x00000000a2d00000| Updating 
|  45|0x00000000a2d00000, 0x00000000a2e00000, 0x00000000a2e00000|100%|HS|  |TAMS 0x00000000a2e00000| PB 0x00000000a2d00000| Complete 
|  46|0x00000000a2e00000, 0x00000000a2f00000, 0x00000000a2f00000|100%|HS|  |TAMS 0x00000000a2f00000| PB 0x00000000a2e00000| Complete 
|  47|0x00000000a2f00000, 0x00000000a3000000, 0x00000000a3000000|100%|HS|  |TAMS 0x00000000a3000000| PB 0x00000000a2f00000| Complete 
|  48|0x00000000a3000000, 0x00000000a3100000, 0x00000000a3100000|100%|HS|  |TAMS 0x00000000a3100000| PB 0x00000000a3000000| Complete 
|  49|0x00000000a3100000, 0x00000000a3200000, 0x00000000a3200000|100%| O|  |TAMS 0x00000000a3200000| PB 0x00000000a3200000| Untracked 
|  50|0x00000000a3200000, 0x00000000a3300000, 0x00000000a3300000|100%|HS|  |TAMS 0x00000000a3300000| PB 0x00000000a3200000| Complete 
|  51|0x00000000a3300000, 0x00000000a3400000, 0x00000000a3400000|100%|HS|  |TAMS 0x00000000a3400000| PB 0x00000000a3300000| Complete 
|  52|0x00000000a3400000, 0x00000000a3500000, 0x00000000a3500000|100%| O|  |TAMS 0x00000000a3500000| PB 0x00000000a3500000| Untracked 
|  53|0x00000000a3500000, 0x00000000a3600000, 0x00000000a3600000|100%| O|  |TAMS 0x00000000a3600000| PB 0x00000000a3600000| Untracked 
|  54|0x00000000a3600000, 0x00000000a3700000, 0x00000000a3700000|100%| O|  |TAMS 0x00000000a3700000| PB 0x00000000a3700000| Untracked 
|  55|0x00000000a3700000, 0x00000000a3800000, 0x00000000a3800000|100%| O|  |TAMS 0x00000000a3800000| PB 0x00000000a3800000| Untracked 
|  56|0x00000000a3800000, 0x00000000a3900000, 0x00000000a3900000|100%| O|  |TAMS 0x00000000a3900000| PB 0x00000000a3900000| Updating 
|  57|0x00000000a3900000, 0x00000000a3a00000, 0x00000000a3a00000|100%| O|  |TAMS 0x00000000a3a00000| PB 0x00000000a3a00000| Updating 
|  58|0x00000000a3a00000, 0x00000000a3b00000, 0x00000000a3b00000|100%| O|  |TAMS 0x00000000a3b00000| PB 0x00000000a3b00000| Updating 
|  59|0x00000000a3b00000, 0x00000000a3c00000, 0x00000000a3c00000|100%| O|  |TAMS 0x00000000a3c00000| PB 0x00000000a3c00000| Updating 
|  60|0x00000000a3c00000, 0x00000000a3d00000, 0x00000000a3d00000|100%| O|  |TAMS 0x00000000a3d00000| PB 0x00000000a3d00000| Untracked 
|  61|0x00000000a3d00000, 0x00000000a3e00000, 0x00000000a3e00000|100%| O|  |TAMS 0x00000000a3e00000| PB 0x00000000a3e00000| Updating 
|  62|0x00000000a3e00000, 0x00000000a3f00000, 0x00000000a3f00000|100%| O|  |TAMS 0x00000000a3f00000| PB 0x00000000a3f00000| Updating 
|  63|0x00000000a3f00000, 0x00000000a4000000, 0x00000000a4000000|100%| O|  |TAMS 0x00000000a4000000| PB 0x00000000a4000000| Updating 
|  64|0x00000000a4000000, 0x00000000a4100000, 0x00000000a4100000|100%| O|  |TAMS 0x00000000a4100000| PB 0x00000000a4100000| Updating 
|  65|0x00000000a4100000, 0x00000000a4200000, 0x00000000a4200000|100%| O|  |TAMS 0x00000000a4200000| PB 0x00000000a4200000| Updating 
|  66|0x00000000a4200000, 0x00000000a4300000, 0x00000000a4300000|100%| O|  |TAMS 0x00000000a4300000| PB 0x00000000a4300000| Untracked 
|  67|0x00000000a4300000, 0x00000000a4400000, 0x00000000a4400000|100%| O|  |TAMS 0x00000000a4400000| PB 0x00000000a4400000| Untracked 
|  68|0x00000000a4400000, 0x00000000a4500000, 0x00000000a4500000|100%| O|  |TAMS 0x00000000a4500000| PB 0x00000000a4500000| Updating 
|  69|0x00000000a4500000, 0x00000000a4600000, 0x00000000a4600000|100%| O|  |TAMS 0x00000000a4600000| PB 0x00000000a4600000| Updating 
|  70|0x00000000a4600000, 0x00000000a4700000, 0x00000000a4700000|100%| O|  |TAMS 0x00000000a4700000| PB 0x00000000a4700000| Untracked 
|  71|0x00000000a4700000, 0x00000000a4800000, 0x00000000a4800000|100%| O|  |TAMS 0x00000000a4800000| PB 0x00000000a4800000| Updating 
|  72|0x00000000a4800000, 0x00000000a4900000, 0x00000000a4900000|100%| O|  |TAMS 0x00000000a4900000| PB 0x00000000a4900000| Untracked 
|  73|0x00000000a4900000, 0x00000000a4a00000, 0x00000000a4a00000|100%| O|  |TAMS 0x00000000a4a00000| PB 0x00000000a4a00000| Updating 
|  74|0x00000000a4a00000, 0x00000000a4b00000, 0x00000000a4b00000|100%| O|  |TAMS 0x00000000a4b00000| PB 0x00000000a4b00000| Updating 
|  75|0x00000000a4b00000, 0x00000000a4c00000, 0x00000000a4c00000|100%| O|  |TAMS 0x00000000a4c00000| PB 0x00000000a4c00000| Untracked 
|  76|0x00000000a4c00000, 0x00000000a4d00000, 0x00000000a4d00000|100%| O|  |TAMS 0x00000000a4d00000| PB 0x00000000a4d00000| Updating 
|  77|0x00000000a4d00000, 0x00000000a4e00000, 0x00000000a4e00000|100%| O|  |TAMS 0x00000000a4e00000| PB 0x00000000a4e00000| Updating 
|  78|0x00000000a4e00000, 0x00000000a4f00000, 0x00000000a4f00000|100%| O|  |TAMS 0x00000000a4f00000| PB 0x00000000a4f00000| Updating 
|  79|0x00000000a4f00000, 0x00000000a5000000, 0x00000000a5000000|100%| O|  |TAMS 0x00000000a5000000| PB 0x00000000a5000000| Updating 
|  80|0x00000000a5000000, 0x00000000a5100000, 0x00000000a5100000|100%| O|  |TAMS 0x00000000a5100000| PB 0x00000000a5100000| Updating 
|  81|0x00000000a5100000, 0x00000000a5200000, 0x00000000a5200000|100%| O|  |TAMS 0x00000000a5200000| PB 0x00000000a5200000| Updating 
|  82|0x00000000a5200000, 0x00000000a5300000, 0x00000000a5300000|100%| O|  |TAMS 0x00000000a5300000| PB 0x00000000a5300000| Updating 
|  83|0x00000000a5300000, 0x00000000a5400000, 0x00000000a5400000|100%| O|  |TAMS 0x00000000a5400000| PB 0x00000000a5400000| Updating 
|  84|0x00000000a5400000, 0x00000000a5500000, 0x00000000a5500000|100%| O|  |TAMS 0x00000000a5500000| PB 0x00000000a5500000| Updating 
|  85|0x00000000a5500000, 0x00000000a5600000, 0x00000000a5600000|100%|HS|  |TAMS 0x00000000a5600000| PB 0x00000000a5500000| Complete 
|  86|0x00000000a5600000, 0x00000000a5700000, 0x00000000a5700000|100%|HC|  |TAMS 0x00000000a5700000| PB 0x00000000a5600000| Complete 
|  87|0x00000000a5700000, 0x00000000a5800000, 0x00000000a5800000|100%| O|  |TAMS 0x00000000a5800000| PB 0x00000000a5800000| Updating 
|  88|0x00000000a5800000, 0x00000000a5900000, 0x00000000a5900000|100%|HS|  |TAMS 0x00000000a5900000| PB 0x00000000a5800000| Complete 
|  89|0x00000000a5900000, 0x00000000a5a00000, 0x00000000a5a00000|100%|HC|  |TAMS 0x00000000a5a00000| PB 0x00000000a5900000| Complete 
|  90|0x00000000a5a00000, 0x00000000a5b00000, 0x00000000a5b00000|100%|HC|  |TAMS 0x00000000a5b00000| PB 0x00000000a5a00000| Complete 
|  91|0x00000000a5b00000, 0x00000000a5c00000, 0x00000000a5c00000|100%|HC|  |TAMS 0x00000000a5c00000| PB 0x00000000a5b00000| Complete 
|  92|0x00000000a5c00000, 0x00000000a5d00000, 0x00000000a5d00000|100%| O|  |TAMS 0x00000000a5d00000| PB 0x00000000a5d00000| Updating 
|  93|0x00000000a5d00000, 0x00000000a5e00000, 0x00000000a5e00000|100%|HS|  |TAMS 0x00000000a5e00000| PB 0x00000000a5d00000| Complete 
|  94|0x00000000a5e00000, 0x00000000a5f00000, 0x00000000a5f00000|100%|HC|  |TAMS 0x00000000a5f00000| PB 0x00000000a5e00000| Complete 
|  95|0x00000000a5f00000, 0x00000000a6000000, 0x00000000a6000000|100%|HS|  |TAMS 0x00000000a6000000| PB 0x00000000a5f00000| Complete 
|  96|0x00000000a6000000, 0x00000000a6100000, 0x00000000a6100000|100%|HC|  |TAMS 0x00000000a6100000| PB 0x00000000a6000000| Complete 
|  97|0x00000000a6100000, 0x00000000a6200000, 0x00000000a6200000|100%|HC|  |TAMS 0x00000000a6200000| PB 0x00000000a6100000| Complete 
|  98|0x00000000a6200000, 0x00000000a6300000, 0x00000000a6300000|100%|HC|  |TAMS 0x00000000a6300000| PB 0x00000000a6200000| Complete 
|  99|0x00000000a6300000, 0x00000000a6400000, 0x00000000a6400000|100%| O|  |TAMS 0x00000000a6300000| PB 0x00000000a6300000| Untracked 
| 100|0x00000000a6400000, 0x00000000a6500000, 0x00000000a6500000|100%| O|  |TAMS 0x00000000a6500000| PB 0x00000000a6500000| Updating 
| 101|0x00000000a6500000, 0x00000000a6600000, 0x00000000a6600000|100%| O|  |TAMS 0x00000000a6600000| PB 0x00000000a6600000| Updating 
| 102|0x00000000a6600000, 0x00000000a6700000, 0x00000000a6700000|100%| O|  |TAMS 0x00000000a6700000| PB 0x00000000a6700000| Updating 
| 103|0x00000000a6700000, 0x00000000a6800000, 0x00000000a6800000|100%| O|  |TAMS 0x00000000a6800000| PB 0x00000000a6800000| Updating 
| 104|0x00000000a6800000, 0x00000000a6900000, 0x00000000a6900000|100%| O|  |TAMS 0x00000000a6800000| PB 0x00000000a6800000| Untracked 
| 105|0x00000000a6900000, 0x00000000a6a00000, 0x00000000a6a00000|100%|HS|  |TAMS 0x00000000a6a00000| PB 0x00000000a6900000| Complete 
| 106|0x00000000a6a00000, 0x00000000a6b00000, 0x00000000a6b00000|100%| O|  |TAMS 0x00000000a6b00000| PB 0x00000000a6b00000| Updating 
| 107|0x00000000a6b00000, 0x00000000a6c00000, 0x00000000a6c00000|100%| O|  |TAMS 0x00000000a6c00000| PB 0x00000000a6c00000| Updating 
| 108|0x00000000a6c00000, 0x00000000a6d00000, 0x00000000a6d00000|100%| O|  |TAMS 0x00000000a6d00000| PB 0x00000000a6d00000| Updating 
| 109|0x00000000a6d00000, 0x00000000a6e00000, 0x00000000a6e00000|100%| O|  |TAMS 0x00000000a6e00000| PB 0x00000000a6e00000| Updating 
| 110|0x00000000a6e00000, 0x00000000a6f00000, 0x00000000a6f00000|100%| O|  |TAMS 0x00000000a6f00000| PB 0x00000000a6f00000| Updating 
| 111|0x00000000a6f00000, 0x00000000a7000000, 0x00000000a7000000|100%| O|  |TAMS 0x00000000a7000000| PB 0x00000000a7000000| Updating 
| 112|0x00000000a7000000, 0x00000000a7100000, 0x00000000a7100000|100%| O|  |TAMS 0x00000000a7000000| PB 0x00000000a7000000| Untracked 
| 113|0x00000000a7100000, 0x00000000a7200000, 0x00000000a7200000|100%| O|  |TAMS 0x00000000a7100000| PB 0x00000000a7100000| Untracked 
| 114|0x00000000a7200000, 0x00000000a7300000, 0x00000000a7300000|100%| O|  |TAMS 0x00000000a7300000| PB 0x00000000a7300000| Updating 
| 115|0x00000000a7300000, 0x00000000a7400000, 0x00000000a7400000|100%| O|  |TAMS 0x00000000a7400000| PB 0x00000000a7400000| Updating 
| 116|0x00000000a7400000, 0x00000000a7500000, 0x00000000a7500000|100%| O|  |TAMS 0x00000000a7500000| PB 0x00000000a7500000| Updating 
| 117|0x00000000a7500000, 0x00000000a7600000, 0x00000000a7600000|100%| O|  |TAMS 0x00000000a7600000| PB 0x00000000a7600000| Updating 
| 118|0x00000000a7600000, 0x00000000a7700000, 0x00000000a7700000|100%| O|  |TAMS 0x00000000a7700000| PB 0x00000000a7700000| Updating 
| 119|0x00000000a7700000, 0x00000000a7800000, 0x00000000a7800000|100%| O|  |TAMS 0x00000000a7800000| PB 0x00000000a7800000| Updating 
| 120|0x00000000a7800000, 0x00000000a7900000, 0x00000000a7900000|100%| O|  |TAMS 0x00000000a7900000| PB 0x00000000a7900000| Updating 
| 121|0x00000000a7900000, 0x00000000a7a00000, 0x00000000a7a00000|100%| O|  |TAMS 0x00000000a7a00000| PB 0x00000000a7a00000| Updating 
| 122|0x00000000a7a00000, 0x00000000a7b00000, 0x00000000a7b00000|100%| O|  |TAMS 0x00000000a7b00000| PB 0x00000000a7b00000| Untracked 
| 123|0x00000000a7b00000, 0x00000000a7c00000, 0x00000000a7c00000|100%| O|  |TAMS 0x00000000a7c00000| PB 0x00000000a7c00000| Untracked 
| 124|0x00000000a7c00000, 0x00000000a7d00000, 0x00000000a7d00000|100%| O|  |TAMS 0x00000000a7d00000| PB 0x00000000a7d00000| Untracked 
| 125|0x00000000a7d00000, 0x00000000a7e00000, 0x00000000a7e00000|100%| O|  |TAMS 0x00000000a7e00000| PB 0x00000000a7e00000| Untracked 
| 126|0x00000000a7e00000, 0x00000000a7f00000, 0x00000000a7f00000|100%| O|  |TAMS 0x00000000a7f00000| PB 0x00000000a7f00000| Updating 
| 127|0x00000000a7f00000, 0x00000000a8000000, 0x00000000a8000000|100%| O|  |TAMS 0x00000000a8000000| PB 0x00000000a8000000| Updating 
| 128|0x00000000a8000000, 0x00000000a8100000, 0x00000000a8100000|100%| O|  |TAMS 0x00000000a8100000| PB 0x00000000a8100000| Updating 
| 129|0x00000000a8100000, 0x00000000a8200000, 0x00000000a8200000|100%| O|  |TAMS 0x00000000a8200000| PB 0x00000000a8200000| Updating 
| 130|0x00000000a8200000, 0x00000000a8300000, 0x00000000a8300000|100%| O|  |TAMS 0x00000000a8300000| PB 0x00000000a8300000| Updating 
| 131|0x00000000a8300000, 0x00000000a8400000, 0x00000000a8400000|100%| O|  |TAMS 0x00000000a8400000| PB 0x00000000a8400000| Updating 
| 132|0x00000000a8400000, 0x00000000a8500000, 0x00000000a8500000|100%| O|  |TAMS 0x00000000a84e4fc0| PB 0x00000000a84e4fc0| Updating 
| 133|0x00000000a8500000, 0x00000000a8600000, 0x00000000a8600000|100%| O|  |TAMS 0x00000000a8500000| PB 0x00000000a8500000| Untracked 
| 134|0x00000000a8600000, 0x00000000a8658368, 0x00000000a8700000| 34%| O|  |TAMS 0x00000000a8600000| PB 0x00000000a8600000| Updating 
| 135|0x00000000a8700000, 0x00000000a8700000, 0x00000000a8800000|  0%| F|  |TAMS 0x00000000a8700000| PB 0x00000000a8700000| Untracked 
| 136|0x00000000a8800000, 0x00000000a8800000, 0x00000000a8900000|  0%| F|  |TAMS 0x00000000a8800000| PB 0x00000000a8800000| Untracked 
| 137|0x00000000a8900000, 0x00000000a8900000, 0x00000000a8a00000|  0%| F|  |TAMS 0x00000000a8900000| PB 0x00000000a8900000| Untracked 
| 138|0x00000000a8a00000, 0x00000000a8a00000, 0x00000000a8b00000|  0%| F|  |TAMS 0x00000000a8a00000| PB 0x00000000a8a00000| Untracked 
| 139|0x00000000a8b00000, 0x00000000a8b00000, 0x00000000a8c00000|  0%| F|  |TAMS 0x00000000a8b00000| PB 0x00000000a8b00000| Untracked 
| 140|0x00000000a8c00000, 0x00000000a8c00000, 0x00000000a8d00000|  0%| F|  |TAMS 0x00000000a8c00000| PB 0x00000000a8c00000| Untracked 
| 141|0x00000000a8d00000, 0x00000000a8d00000, 0x00000000a8e00000|  0%| F|  |TAMS 0x00000000a8d00000| PB 0x00000000a8d00000| Untracked 
| 142|0x00000000a8e00000, 0x00000000a8e00000, 0x00000000a8f00000|  0%| F|  |TAMS 0x00000000a8e00000| PB 0x00000000a8e00000| Untracked 
| 143|0x00000000a8f00000, 0x00000000a8f00000, 0x00000000a9000000|  0%| F|  |TAMS 0x00000000a8f00000| PB 0x00000000a8f00000| Untracked 
| 144|0x00000000a9000000, 0x00000000a9100000, 0x00000000a9100000|100%| S|CS|TAMS 0x00000000a9000000| PB 0x00000000a9000000| Complete 
| 145|0x00000000a9100000, 0x00000000a9200000, 0x00000000a9200000|100%| S|CS|TAMS 0x00000000a9100000| PB 0x00000000a9100000| Complete 
| 146|0x00000000a9200000, 0x00000000a9300000, 0x00000000a9300000|100%| S|CS|TAMS 0x00000000a9200000| PB 0x00000000a9200000| Complete 
| 147|0x00000000a9300000, 0x00000000a9400000, 0x00000000a9400000|100%| S|CS|TAMS 0x00000000a9300000| PB 0x00000000a9300000| Complete 
| 148|0x00000000a9400000, 0x00000000a9500000, 0x00000000a9500000|100%| S|CS|TAMS 0x00000000a9400000| PB 0x00000000a9400000| Complete 
| 149|0x00000000a9500000, 0x00000000a9600000, 0x00000000a9600000|100%| S|CS|TAMS 0x00000000a9500000| PB 0x00000000a9500000| Complete 
| 150|0x00000000a9600000, 0x00000000a9700000, 0x00000000a9700000|100%| S|CS|TAMS 0x00000000a9600000| PB 0x00000000a9600000| Complete 
| 151|0x00000000a9700000, 0x00000000a9800000, 0x00000000a9800000|100%| S|CS|TAMS 0x00000000a9700000| PB 0x00000000a9700000| Complete 
| 152|0x00000000a9800000, 0x00000000a9900000, 0x00000000a9900000|100%| S|CS|TAMS 0x00000000a9800000| PB 0x00000000a9800000| Complete 
| 153|0x00000000a9900000, 0x00000000a9900000, 0x00000000a9a00000|  0%| F|  |TAMS 0x00000000a9900000| PB 0x00000000a9900000| Untracked 
| 154|0x00000000a9a00000, 0x00000000a9a00000, 0x00000000a9b00000|  0%| F|  |TAMS 0x00000000a9a00000| PB 0x00000000a9a00000| Untracked 
| 155|0x00000000a9b00000, 0x00000000a9b00000, 0x00000000a9c00000|  0%| F|  |TAMS 0x00000000a9b00000| PB 0x00000000a9b00000| Untracked 
| 156|0x00000000a9c00000, 0x00000000a9c00000, 0x00000000a9d00000|  0%| F|  |TAMS 0x00000000a9c00000| PB 0x00000000a9c00000| Untracked 
| 157|0x00000000a9d00000, 0x00000000a9d00000, 0x00000000a9e00000|  0%| F|  |TAMS 0x00000000a9d00000| PB 0x00000000a9d00000| Untracked 
| 158|0x00000000a9e00000, 0x00000000a9e00000, 0x00000000a9f00000|  0%| F|  |TAMS 0x00000000a9e00000| PB 0x00000000a9e00000| Untracked 
| 159|0x00000000a9f00000, 0x00000000a9f00000, 0x00000000aa000000|  0%| F|  |TAMS 0x00000000a9f00000| PB 0x00000000a9f00000| Untracked 
| 160|0x00000000aa000000, 0x00000000aa000000, 0x00000000aa100000|  0%| F|  |TAMS 0x00000000aa000000| PB 0x00000000aa000000| Untracked 
| 161|0x00000000aa100000, 0x00000000aa100000, 0x00000000aa200000|  0%| F|  |TAMS 0x00000000aa100000| PB 0x00000000aa100000| Untracked 
| 162|0x00000000aa200000, 0x00000000aa200000, 0x00000000aa300000|  0%| F|  |TAMS 0x00000000aa200000| PB 0x00000000aa200000| Untracked 
| 163|0x00000000aa300000, 0x00000000aa300000, 0x00000000aa400000|  0%| F|  |TAMS 0x00000000aa300000| PB 0x00000000aa300000| Untracked 
| 164|0x00000000aa400000, 0x00000000aa400000, 0x00000000aa500000|  0%| F|  |TAMS 0x00000000aa400000| PB 0x00000000aa400000| Untracked 
| 165|0x00000000aa500000, 0x00000000aa500000, 0x00000000aa600000|  0%| F|  |TAMS 0x00000000aa500000| PB 0x00000000aa500000| Untracked 
| 166|0x00000000aa600000, 0x00000000aa600000, 0x00000000aa700000|  0%| F|  |TAMS 0x00000000aa600000| PB 0x00000000aa600000| Untracked 
| 167|0x00000000aa700000, 0x00000000aa700000, 0x00000000aa800000|  0%| F|  |TAMS 0x00000000aa700000| PB 0x00000000aa700000| Untracked 
| 168|0x00000000aa800000, 0x00000000aa800000, 0x00000000aa900000|  0%| F|  |TAMS 0x00000000aa800000| PB 0x00000000aa800000| Untracked 
| 169|0x00000000aa900000, 0x00000000aa900000, 0x00000000aaa00000|  0%| F|  |TAMS 0x00000000aa900000| PB 0x00000000aa900000| Untracked 
| 170|0x00000000aaa00000, 0x00000000aaa00000, 0x00000000aab00000|  0%| F|  |TAMS 0x00000000aaa00000| PB 0x00000000aaa00000| Untracked 
| 171|0x00000000aab00000, 0x00000000aab00000, 0x00000000aac00000|  0%| F|  |TAMS 0x00000000aab00000| PB 0x00000000aab00000| Untracked 
| 172|0x00000000aac00000, 0x00000000aac00000, 0x00000000aad00000|  0%| F|  |TAMS 0x00000000aac00000| PB 0x00000000aac00000| Untracked 
| 173|0x00000000aad00000, 0x00000000aad00000, 0x00000000aae00000|  0%| F|  |TAMS 0x00000000aad00000| PB 0x00000000aad00000| Untracked 
| 174|0x00000000aae00000, 0x00000000aae00000, 0x00000000aaf00000|  0%| F|  |TAMS 0x00000000aae00000| PB 0x00000000aae00000| Untracked 
| 175|0x00000000aaf00000, 0x00000000aaf00000, 0x00000000ab000000|  0%| F|  |TAMS 0x00000000aaf00000| PB 0x00000000aaf00000| Untracked 
| 176|0x00000000ab000000, 0x00000000ab000000, 0x00000000ab100000|  0%| F|  |TAMS 0x00000000ab000000| PB 0x00000000ab000000| Untracked 
| 177|0x00000000ab100000, 0x00000000ab100000, 0x00000000ab200000|  0%| F|  |TAMS 0x00000000ab100000| PB 0x00000000ab100000| Untracked 
| 178|0x00000000ab200000, 0x00000000ab200000, 0x00000000ab300000|  0%| F|  |TAMS 0x00000000ab200000| PB 0x00000000ab200000| Untracked 
| 179|0x00000000ab300000, 0x00000000ab300000, 0x00000000ab400000|  0%| F|  |TAMS 0x00000000ab300000| PB 0x00000000ab300000| Untracked 
| 180|0x00000000ab400000, 0x00000000ab400000, 0x00000000ab500000|  0%| F|  |TAMS 0x00000000ab400000| PB 0x00000000ab400000| Untracked 
| 181|0x00000000ab500000, 0x00000000ab500000, 0x00000000ab600000|  0%| F|  |TAMS 0x00000000ab500000| PB 0x00000000ab500000| Untracked 
| 182|0x00000000ab600000, 0x00000000ab600000, 0x00000000ab700000|  0%| F|  |TAMS 0x00000000ab600000| PB 0x00000000ab600000| Untracked 
| 183|0x00000000ab700000, 0x00000000ab700000, 0x00000000ab800000|  0%| F|  |TAMS 0x00000000ab700000| PB 0x00000000ab700000| Untracked 
| 184|0x00000000ab800000, 0x00000000ab800000, 0x00000000ab900000|  0%| F|  |TAMS 0x00000000ab800000| PB 0x00000000ab800000| Untracked 
| 185|0x00000000ab900000, 0x00000000ab900000, 0x00000000aba00000|  0%| F|  |TAMS 0x00000000ab900000| PB 0x00000000ab900000| Untracked 
| 186|0x00000000aba00000, 0x00000000aba00000, 0x00000000abb00000|  0%| F|  |TAMS 0x00000000aba00000| PB 0x00000000aba00000| Untracked 
| 187|0x00000000abb00000, 0x00000000abb00000, 0x00000000abc00000|  0%| F|  |TAMS 0x00000000abb00000| PB 0x00000000abb00000| Untracked 
| 188|0x00000000abc00000, 0x00000000abc00000, 0x00000000abd00000|  0%| F|  |TAMS 0x00000000abc00000| PB 0x00000000abc00000| Untracked 
| 189|0x00000000abd00000, 0x00000000abd00000, 0x00000000abe00000|  0%| F|  |TAMS 0x00000000abd00000| PB 0x00000000abd00000| Untracked 
| 190|0x00000000abe00000, 0x00000000abe00000, 0x00000000abf00000|  0%| F|  |TAMS 0x00000000abe00000| PB 0x00000000abe00000| Untracked 
| 191|0x00000000abf00000, 0x00000000abf00000, 0x00000000ac000000|  0%| F|  |TAMS 0x00000000abf00000| PB 0x00000000abf00000| Untracked 
| 192|0x00000000ac000000, 0x00000000ac000000, 0x00000000ac100000|  0%| F|  |TAMS 0x00000000ac000000| PB 0x00000000ac000000| Untracked 
| 193|0x00000000ac100000, 0x00000000ac100000, 0x00000000ac200000|  0%| F|  |TAMS 0x00000000ac100000| PB 0x00000000ac100000| Untracked 
| 194|0x00000000ac200000, 0x00000000ac200000, 0x00000000ac300000|  0%| F|  |TAMS 0x00000000ac200000| PB 0x00000000ac200000| Untracked 
| 195|0x00000000ac300000, 0x00000000ac300000, 0x00000000ac400000|  0%| F|  |TAMS 0x00000000ac300000| PB 0x00000000ac300000| Untracked 
| 196|0x00000000ac400000, 0x00000000ac400000, 0x00000000ac500000|  0%| F|  |TAMS 0x00000000ac400000| PB 0x00000000ac400000| Untracked 
| 197|0x00000000ac500000, 0x00000000ac500000, 0x00000000ac600000|  0%| F|  |TAMS 0x00000000ac500000| PB 0x00000000ac500000| Untracked 
| 198|0x00000000ac600000, 0x00000000ac600000, 0x00000000ac700000|  0%| F|  |TAMS 0x00000000ac600000| PB 0x00000000ac600000| Untracked 
| 199|0x00000000ac700000, 0x00000000ac700000, 0x00000000ac800000|  0%| F|  |TAMS 0x00000000ac700000| PB 0x00000000ac700000| Untracked 
| 200|0x00000000ac800000, 0x00000000ac800000, 0x00000000ac900000|  0%| F|  |TAMS 0x00000000ac800000| PB 0x00000000ac800000| Untracked 
| 201|0x00000000ac900000, 0x00000000ac900000, 0x00000000aca00000|  0%| F|  |TAMS 0x00000000ac900000| PB 0x00000000ac900000| Untracked 
| 202|0x00000000aca00000, 0x00000000aca00000, 0x00000000acb00000|  0%| F|  |TAMS 0x00000000aca00000| PB 0x00000000aca00000| Untracked 
| 203|0x00000000acb00000, 0x00000000acb00000, 0x00000000acc00000|  0%| F|  |TAMS 0x00000000acb00000| PB 0x00000000acb00000| Untracked 
| 204|0x00000000acc00000, 0x00000000acc00000, 0x00000000acd00000|  0%| F|  |TAMS 0x00000000acc00000| PB 0x00000000acc00000| Untracked 
| 205|0x00000000acd00000, 0x00000000acdd30d8, 0x00000000ace00000| 82%| E|  |TAMS 0x00000000acd00000| PB 0x00000000acd00000| Complete 
| 206|0x00000000ace00000, 0x00000000acf00000, 0x00000000acf00000|100%| E|CS|TAMS 0x00000000ace00000| PB 0x00000000ace00000| Complete 
| 207|0x00000000acf00000, 0x00000000ad000000, 0x00000000ad000000|100%| E|CS|TAMS 0x00000000acf00000| PB 0x00000000acf00000| Complete 
| 208|0x00000000ad000000, 0x00000000ad100000, 0x00000000ad100000|100%| E|CS|TAMS 0x00000000ad000000| PB 0x00000000ad000000| Complete 
| 209|0x00000000ad100000, 0x00000000ad200000, 0x00000000ad200000|100%| E|CS|TAMS 0x00000000ad100000| PB 0x00000000ad100000| Complete 
| 210|0x00000000ad200000, 0x00000000ad300000, 0x00000000ad300000|100%| E|CS|TAMS 0x00000000ad200000| PB 0x00000000ad200000| Complete 
| 211|0x00000000ad300000, 0x00000000ad400000, 0x00000000ad400000|100%| E|CS|TAMS 0x00000000ad300000| PB 0x00000000ad300000| Complete 
| 212|0x00000000ad400000, 0x00000000ad500000, 0x00000000ad500000|100%| E|CS|TAMS 0x00000000ad400000| PB 0x00000000ad400000| Complete 
| 213|0x00000000ad500000, 0x00000000ad600000, 0x00000000ad600000|100%| E|CS|TAMS 0x00000000ad500000| PB 0x00000000ad500000| Complete 
| 214|0x00000000ad600000, 0x00000000ad700000, 0x00000000ad700000|100%| E|CS|TAMS 0x00000000ad600000| PB 0x00000000ad600000| Complete 
| 215|0x00000000ad700000, 0x00000000ad800000, 0x00000000ad800000|100%| E|CS|TAMS 0x00000000ad700000| PB 0x00000000ad700000| Complete 
| 216|0x00000000ad800000, 0x00000000ad900000, 0x00000000ad900000|100%| E|CS|TAMS 0x00000000ad800000| PB 0x00000000ad800000| Complete 
|1523|0x00000000ff300000, 0x00000000ff400000, 0x00000000ff400000|100%| O|  |TAMS 0x00000000ff400000| PB 0x00000000ff400000| Updating 
|1524|0x00000000ff400000, 0x00000000ff500000, 0x00000000ff500000|100%| O|  |TAMS 0x00000000ff500000| PB 0x00000000ff500000| Updating 
|1525|0x00000000ff500000, 0x00000000ff600000, 0x00000000ff600000|100%| E|CS|TAMS 0x00000000ff500000| PB 0x00000000ff500000| Complete 
|1526|0x00000000ff600000, 0x00000000ff700000, 0x00000000ff700000|100%| O|  |TAMS 0x00000000ff700000| PB 0x00000000ff700000| Untracked 
|1527|0x00000000ff700000, 0x00000000ff800000, 0x00000000ff800000|100%| O|  |TAMS 0x00000000ff800000| PB 0x00000000ff800000| Updating 
|1528|0x00000000ff800000, 0x00000000ff900000, 0x00000000ff900000|100%| O|  |TAMS 0x00000000ff900000| PB 0x00000000ff900000| Untracked 
|1529|0x00000000ff900000, 0x00000000ffa00000, 0x00000000ffa00000|100%| O|  |TAMS 0x00000000ffa00000| PB 0x00000000ffa00000| Untracked 
|1530|0x00000000ffa00000, 0x00000000ffb00000, 0x00000000ffb00000|100%| O|  |TAMS 0x00000000ffb00000| PB 0x00000000ffb00000| Untracked 
|1531|0x00000000ffb00000, 0x00000000ffc00000, 0x00000000ffc00000|100%| O|  |TAMS 0x00000000ffc00000| PB 0x00000000ffc00000| Updating 
|1532|0x00000000ffc00000, 0x00000000ffd00000, 0x00000000ffd00000|100%| O|  |TAMS 0x00000000ffd00000| PB 0x00000000ffd00000| Untracked 
|1533|0x00000000ffd00000, 0x00000000ffe00000, 0x00000000ffe00000|100%| O|  |TAMS 0x00000000ffe00000| PB 0x00000000ffe00000| Untracked 
|1534|0x00000000ffe00000, 0x00000000fff00000, 0x00000000fff00000|100%| O|  |TAMS 0x00000000fff00000| PB 0x00000000fff00000| Untracked 
|1535|0x00000000fff00000, 0x0000000100000000, 0x0000000100000000|100%| O|  |TAMS 0x0000000100000000| PB 0x0000000100000000| Untracked 

Card table byte_map: [0x000002206a2f0000,0x000002206a5f0000] _byte_map_base: 0x0000022069df0000

Marking Bits: (CMBitMap*) 0x0000022057655650
 Bits: [0x000002206a5f0000, 0x000002206bdf0000)

Polling page: 0x0000022055990000

Metaspace:

Usage:
  Non-class:    106.06 MB used.
      Class:     16.43 MB used.
       Both:    122.50 MB used.

Virtual space:
  Non-class space:      128.00 MB reserved,     107.19 MB ( 84%) committed,  2 nodes.
      Class space:        1.00 GB reserved,      17.50 MB (  2%) committed,  1 nodes.
             Both:        1.12 GB reserved,     124.69 MB ( 11%) committed. 

Chunk freelists:
   Non-Class:  4.11 MB
       Class:  14.45 MB
        Both:  18.55 MB

MaxMetaspaceSize: unlimited
CompressedClassSpaceSize: 1.00 GB
Initial GC threshold: 21.00 MB
Current GC threshold: 204.38 MB
CDS: off
 - commit_granule_bytes: 65536.
 - commit_granule_words: 8192.
 - virtual_space_node_default_size: 8388608.
 - enlarge_chunks_in_place: 1.
 - use_allocation_guard: 0.


Internal statistics:

num_allocs_failed_limit: 6.
num_arena_births: 4266.
num_arena_deaths: 0.
num_vsnodes_births: 3.
num_vsnodes_deaths: 0.
num_space_committed: 1993.
num_space_uncommitted: 0.
num_chunks_returned_to_freelist: 6.
num_chunks_taken_from_freelist: 9634.
num_chunk_merges: 3.
num_chunk_splits: 6364.
num_chunks_enlarged: 4068.
num_inconsistent_stats: 0.

CodeHeap 'non-profiled nmethods': size=119168Kb used=8830Kb max_used=9276Kb free=110337Kb
 bounds [0x0000022062300000, 0x0000022062c10000, 0x0000022069760000]
CodeHeap 'profiled nmethods': size=119104Kb used=26899Kb max_used=27855Kb free=92204Kb
 bounds [0x000002205a760000, 0x000002205c2a0000, 0x0000022061bb0000]
CodeHeap 'non-nmethods': size=7488Kb used=4597Kb max_used=4662Kb free=2890Kb
 bounds [0x0000022061bb0000, 0x0000022062050000, 0x0000022062300000]
 total_blobs=15504 nmethods=14488 adapters=914
 compilation: enabled
              stopped_count=0, restarted_count=0
 full_count=0

Compilation events (20 events):
Event: 74.660 Thread 0x00000220780e7460 17030       1       com.android.build.gradle.internal.tasks.factory.GlobalTaskCreationConfigImpl::getFakeDependency (5 bytes)
Event: 74.660 Thread 0x00000220780e7460 nmethod 17030 0x0000022062c0d390 code [0x0000022062c0d520, 0x0000022062c0d5e8]
Event: 74.660 Thread 0x00000220730b2490 nmethod 17029 0x000002205c28e690 code [0x000002205c28e840, 0x000002205c28ea28]
Event: 74.661 Thread 0x00000220780e9d40 nmethod 17028 0x000002205c28eb10 code [0x000002205c28ed20, 0x000002205c28f300]
Event: 74.666 Thread 0x00000220780eaae0 17032       3       com.android.build.api.variant.impl.SourcesImpl::res (28 bytes)
Event: 74.667 Thread 0x00000220780eaae0 nmethod 17032 0x000002205c28f510 code [0x000002205c28f740, 0x000002205c28fdf8]
Event: 74.671 Thread 0x00000220780e9d40 17033       1       com.android.builder.internal.BaseConfigImpl::getResValues (5 bytes)
Event: 74.671 Thread 0x00000220780e9d40 nmethod 17033 0x0000022062c0d690 code [0x0000022062c0d820, 0x0000022062c0d8e8]
Event: 74.672 Thread 0x00000220780e9d40 17035       1       com.android.build.gradle.internal.dsl.LintImpl$AgpDecorated::get_baselinePath (5 bytes)
Event: 74.673 Thread 0x00000220780e9d40 nmethod 17035 0x0000022062c0d990 code [0x0000022062c0db20, 0x0000022062c0dbe8]
Event: 74.673 Thread 0x00000220780eaae0 17036       3       com.android.build.gradle.internal.lint.AndroidArtifactInput$getGeneratedResourceFolders$1$1::invoke (12 bytes)
Event: 74.673 Thread 0x00000220780e9d40 17037       3       com.android.build.gradle.internal.lint.AndroidArtifactInput$getGeneratedResourceFolders$1$1::invoke (78 bytes)
Event: 74.673 Thread 0x00000220780eaae0 nmethod 17036 0x000002205c290090 code [0x000002205c290240, 0x000002205c290480]
Event: 74.675 Thread 0x00000220780eaae0 17038       3       com.android.build.gradle.internal.scope.BuildFeatureValuesImpl::getRenderScript (20 bytes)
Event: 74.675 Thread 0x00000220780e9d40 nmethod 17037 0x000002205c290590 code [0x000002205c2909a0, 0x000002205c292718]
Event: 74.675 Thread 0x00000220780eaae0 nmethod 17038 0x000002205c293190 code [0x000002205c293340, 0x000002205c293598]
Event: 74.678 Thread 0x00000220780eaae0 17039       3       com.android.build.gradle.internal.lint.SourceProviderInput_Decorated::getManifestAbsoluteFilePaths (36 bytes)
Event: 74.678 Thread 0x00000220780eaae0 nmethod 17039 0x000002205c293690 code [0x000002205c293880, 0x000002205c293c70]
Event: 74.679 Thread 0x00000220780e4b80 nmethod 17018 0x0000022062c0dc90 code [0x0000022062c0dea0, 0x0000022062c0ec08]
Event: 74.679 Thread 0x00000220780e4b80 17019       4       org.gradle.api.internal.file.collections.DefaultConfigurableFileCollection::<init> (88 bytes)

GC Heap History (20 events):
Event: 52.627 GC heap before
{Heap before GC invocations=48 (full 0):
 garbage-first heap   total 172032K, used 155023K [0x00000000a0000000, 0x0000000100000000)
  region size 1024K, 46 young (47104K), 6 survivors (6144K)
 Metaspace       used 101336K, committed 103424K, reserved 1179648K
  class space    used 13902K, committed 14912K, reserved 1048576K
}
Event: 52.635 GC heap after
{Heap after GC invocations=49 (full 0):
 garbage-first heap   total 172032K, used 116149K [0x00000000a0000000, 0x0000000100000000)
  region size 1024K, 3 young (3072K), 3 survivors (3072K)
 Metaspace       used 101336K, committed 103424K, reserved 1179648K
  class space    used 13902K, committed 14912K, reserved 1048576K
}
Event: 53.627 GC heap before
{Heap before GC invocations=50 (full 0):
 garbage-first heap   total 196608K, used 156085K [0x00000000a0000000, 0x0000000100000000)
  region size 1024K, 42 young (43008K), 3 survivors (3072K)
 Metaspace       used 103262K, committed 105408K, reserved 1179648K
  class space    used 14178K, committed 15232K, reserved 1048576K
}
Event: 53.632 GC heap after
{Heap after GC invocations=51 (full 0):
 garbage-first heap   total 196608K, used 118428K [0x00000000a0000000, 0x0000000100000000)
  region size 1024K, 5 young (5120K), 5 survivors (5120K)
 Metaspace       used 103262K, committed 105408K, reserved 1179648K
  class space    used 14178K, committed 15232K, reserved 1048576K
}
Event: 55.199 GC heap before
{Heap before GC invocations=51 (full 0):
 garbage-first heap   total 196608K, used 183964K [0x00000000a0000000, 0x0000000100000000)
  region size 1024K, 64 young (65536K), 5 survivors (5120K)
 Metaspace       used 107202K, committed 109248K, reserved 1179648K
  class space    used 14550K, committed 15552K, reserved 1048576K
}
Event: 55.209 GC heap after
{Heap after GC invocations=52 (full 0):
 garbage-first heap   total 197632K, used 123506K [0x00000000a0000000, 0x0000000100000000)
  region size 1024K, 8 young (8192K), 8 survivors (8192K)
 Metaspace       used 107202K, committed 109248K, reserved 1179648K
  class space    used 14550K, committed 15552K, reserved 1048576K
}
Event: 56.674 GC heap before
{Heap before GC invocations=52 (full 0):
 garbage-first heap   total 197632K, used 177778K [0x00000000a0000000, 0x0000000100000000)
  region size 1024K, 61 young (62464K), 8 survivors (8192K)
 Metaspace       used 110431K, committed 112576K, reserved 1179648K
  class space    used 14988K, committed 16000K, reserved 1048576K
}
Event: 56.685 GC heap after
{Heap after GC invocations=53 (full 0):
 garbage-first heap   total 197632K, used 128072K [0x00000000a0000000, 0x0000000100000000)
  region size 1024K, 4 young (4096K), 4 survivors (4096K)
 Metaspace       used 110431K, committed 112576K, reserved 1179648K
  class space    used 14988K, committed 16000K, reserved 1048576K
}
Event: 60.453 GC heap before
{Heap before GC invocations=54 (full 0):
 garbage-first heap   total 215040K, used 181320K [0x00000000a0000000, 0x0000000100000000)
  region size 1024K, 56 young (57344K), 4 survivors (4096K)
 Metaspace       used 114766K, committed 116992K, reserved 1179648K
  class space    used 15605K, committed 16704K, reserved 1048576K
}
Event: 60.461 GC heap after
{Heap after GC invocations=55 (full 0):
 garbage-first heap   total 215040K, used 130229K [0x00000000a0000000, 0x0000000100000000)
  region size 1024K, 6 young (6144K), 6 survivors (6144K)
 Metaspace       used 114766K, committed 116992K, reserved 1179648K
  class space    used 15605K, committed 16704K, reserved 1048576K
}
Event: 62.279 GC heap before
{Heap before GC invocations=55 (full 0):
 garbage-first heap   total 215040K, used 196789K [0x00000000a0000000, 0x0000000100000000)
  region size 1024K, 71 young (72704K), 6 survivors (6144K)
 Metaspace       used 116819K, committed 119040K, reserved 1179648K
  class space    used 15885K, committed 16960K, reserved 1048576K
}
Event: 62.289 GC heap after
{Heap after GC invocations=56 (full 0):
 garbage-first heap   total 215040K, used 136617K [0x00000000a0000000, 0x0000000100000000)
  region size 1024K, 9 young (9216K), 9 survivors (9216K)
 Metaspace       used 116819K, committed 119040K, reserved 1179648K
  class space    used 15885K, committed 16960K, reserved 1048576K
}
Event: 70.239 GC heap before
{Heap before GC invocations=56 (full 0):
 garbage-first heap   total 215040K, used 192937K [0x00000000a0000000, 0x0000000100000000)
  region size 1024K, 65 young (66560K), 9 survivors (9216K)
 Metaspace       used 122909K, committed 125184K, reserved 1179648K
  class space    used 16513K, committed 17600K, reserved 1048576K
}
Event: 70.248 GC heap after
{Heap after GC invocations=57 (full 0):
 garbage-first heap   total 215040K, used 140340K [0x00000000a0000000, 0x0000000100000000)
  region size 1024K, 3 young (3072K), 3 survivors (3072K)
 Metaspace       used 122909K, committed 125184K, reserved 1179648K
  class space    used 16513K, committed 17600K, reserved 1048576K
}
Event: 72.323 GC heap before
{Heap before GC invocations=58 (full 0):
 garbage-first heap   total 235520K, used 197684K [0x00000000a0000000, 0x0000000100000000)
  region size 1024K, 60 young (61440K), 3 survivors (3072K)
 Metaspace       used 123646K, committed 125888K, reserved 1179648K
  class space    used 16555K, committed 17664K, reserved 1048576K
}
Event: 72.331 GC heap after
{Heap after GC invocations=59 (full 0):
 garbage-first heap   total 235520K, used 145902K [0x00000000a0000000, 0x0000000100000000)
  region size 1024K, 8 young (8192K), 8 survivors (8192K)
 Metaspace       used 123646K, committed 125888K, reserved 1179648K
  class space    used 16555K, committed 17664K, reserved 1048576K
}
Event: 73.035 GC heap before
{Heap before GC invocations=59 (full 0):
 garbage-first heap   total 235520K, used 214510K [0x00000000a0000000, 0x0000000100000000)
  region size 1024K, 75 young (76800K), 8 survivors (8192K)
 Metaspace       used 123811K, committed 126080K, reserved 1179648K
  class space    used 16556K, committed 17664K, reserved 1048576K
}
Event: 73.047 GC heap after
{Heap after GC invocations=60 (full 0):
 garbage-first heap   total 235520K, used 150297K [0x00000000a0000000, 0x0000000100000000)
  region size 1024K, 6 young (6144K), 6 survivors (6144K)
 Metaspace       used 123811K, committed 126080K, reserved 1179648K
  class space    used 16556K, committed 17664K, reserved 1048576K
}
Event: 74.566 GC heap before
{Heap before GC invocations=60 (full 0):
 garbage-first heap   total 235520K, used 215833K [0x00000000a0000000, 0x0000000100000000)
  region size 1024K, 71 young (72704K), 6 survivors (6144K)
 Metaspace       used 125409K, committed 127616K, reserved 1179648K
  class space    used 16826K, committed 17920K, reserved 1048576K
}
Event: 74.575 GC heap after
{Heap after GC invocations=61 (full 0):
 garbage-first heap   total 235520K, used 159072K [0x00000000a0000000, 0x0000000100000000)
  region size 1024K, 9 young (9216K), 9 survivors (9216K)
 Metaspace       used 125409K, committed 127616K, reserved 1179648K
  class space    used 16826K, committed 17920K, reserved 1048576K
}

Dll operation events (3 events):
Event: 0.020 Loaded shared library C:\Program Files\Android\Android Studio\jbr\bin\java.dll
Event: 0.028 Loaded shared library C:\Program Files\Android\Android Studio\jbr\bin\zip.dll
Event: 1.239 Loaded shared library C:\Program Files\Android\Android Studio\jbr\bin\verify.dll

Deoptimization events (20 events):
Event: 73.733 Thread 0x00000220750aad90 Uncommon trap: trap_request=0xffffff45 fr.pc=0x00000220628c2624 relative=0x0000000000001a24
Event: 73.733 Thread 0x00000220750aad90 Uncommon trap: reason=unstable_if action=reinterpret pc=0x00000220628c2624 method=org.gradle.internal.operations.logging.LoggingBuildOperationProgressBroadcaster.onOutput(Lorg/gradle/internal/logging/events/OutputEvent;)V @ 73 c2
Event: 73.733 Thread 0x00000220750aad90 DEOPT PACKING pc=0x00000220628c2624 sp=0x000000cd2fafd960
Event: 73.733 Thread 0x00000220750aad90 DEOPT UNPACKING pc=0x0000022061c046a2 sp=0x000000cd2fafd800 mode 2
Event: 73.733 Thread 0x00000220750aad90 Uncommon trap: trap_request=0xffffff54 fr.pc=0x0000022062ad180c relative=0x000000000000030c
Event: 73.733 Thread 0x00000220750aad90 Uncommon trap: reason=speculate_null_assert action=make_not_entrant pc=0x0000022062ad180c method=org.gradle.tooling.internal.provider.runner.ClientBuildEventGenerator.progress(Lorg/gradle/internal/operations/OperationIdentifier;Lorg/gradle/internal/operat
Event: 73.733 Thread 0x00000220750aad90 DEOPT PACKING pc=0x0000022062ad180c sp=0x000000cd2fafd5d0
Event: 73.733 Thread 0x00000220750aad90 DEOPT UNPACKING pc=0x0000022061c046a2 sp=0x000000cd2fafd580 mode 2
Event: 73.738 Thread 0x00000220750aad90 Uncommon trap: trap_request=0xffffff45 fr.pc=0x00000220627d6898 relative=0x0000000000000078
Event: 73.738 Thread 0x00000220750aad90 Uncommon trap: reason=unstable_if action=reinterpret pc=0x00000220627d6898 method=org.gradle.tooling.internal.provider.runner.TestTaskExecutionTracker.finished(Lorg/gradle/internal/operations/BuildOperationDescriptor;Lorg/gradle/internal/operations/Operat
Event: 73.738 Thread 0x00000220750aad90 DEOPT PACKING pc=0x00000220627d6898 sp=0x000000cd2fafd9f0
Event: 73.738 Thread 0x00000220750aad90 DEOPT UNPACKING pc=0x0000022061c046a2 sp=0x000000cd2fafd978 mode 2
Event: 73.738 Thread 0x00000220750aad90 Uncommon trap: trap_request=0xffffff45 fr.pc=0x000002206299b7f0 relative=0x00000000000000d0
Event: 73.738 Thread 0x00000220750aad90 Uncommon trap: reason=unstable_if action=reinterpret pc=0x000002206299b7f0 method=org.gradle.internal.execution.DefaultWorkExecutionTracker$OperationListener.finished(Lorg/gradle/internal/operations/BuildOperationDescriptor;Lorg/gradle/internal/operations
Event: 73.738 Thread 0x00000220750aad90 DEOPT PACKING pc=0x000002206299b7f0 sp=0x000000cd2fafdac0
Event: 73.738 Thread 0x00000220750aad90 DEOPT UNPACKING pc=0x0000022061c046a2 sp=0x000000cd2fafda38 mode 2
Event: 74.618 Thread 0x000002207509dd50 Uncommon trap: trap_request=0xffffff45 fr.pc=0x00000220629da6c4 relative=0x0000000000000124
Event: 74.618 Thread 0x000002207509dd50 Uncommon trap: reason=unstable_if action=reinterpret pc=0x00000220629da6c4 method=java.util.stream.AbstractPipeline.sourceSpliterator(I)Ljava/util/Spliterator; @ 82 c2
Event: 74.618 Thread 0x000002207509dd50 DEOPT PACKING pc=0x00000220629da6c4 sp=0x000000cd26ff97f0
Event: 74.618 Thread 0x000002207509dd50 DEOPT UNPACKING pc=0x0000022061c046a2 sp=0x000000cd26ff9770 mode 2

Classes loaded (20 events):
Event: 65.965 Loading class java/time/temporal/TemporalQueries$5
Event: 65.965 Loading class java/time/temporal/TemporalQueries$5 done
Event: 65.965 Loading class java/time/temporal/TemporalQueries$6
Event: 65.965 Loading class java/time/temporal/TemporalQueries$6 done
Event: 65.965 Loading class java/time/temporal/TemporalQueries$7
Event: 65.965 Loading class java/time/temporal/TemporalQueries$7 done
Event: 67.914 Loading class java/time/Clock
Event: 67.915 Loading class java/time/InstantSource
Event: 67.915 Loading class java/time/InstantSource done
Event: 67.915 Loading class java/time/Clock done
Event: 67.915 Loading class java/time/Instant$1
Event: 67.916 Loading class java/time/Instant$1 done
Event: 68.005 Loading class java/net/UrlDeserializedState
Event: 68.006 Loading class java/net/UrlDeserializedState done
Event: 68.008 Loading class java/net/Proxy
Event: 68.010 Loading class java/net/Proxy done
Event: 68.023 Loading class java/util/concurrent/CompletableFuture$AsyncRun
Event: 68.026 Loading class java/util/concurrent/CompletableFuture$AsyncRun done
Event: 71.151 Loading class jdk/internal/math/FormattedFPDecimal
Event: 71.152 Loading class jdk/internal/math/FormattedFPDecimal done

Classes unloaded (0 events):
No events

Classes redefined (0 events):
No events

Internal exceptions (20 events):
Event: 74.092 Thread 0x000002207509dd50 Exception <a 'java/lang/NoClassDefFoundError'{0x00000000aa44d910}: org/jetbrains/kotlin/gradle/plugin/KotlinBasePluginWrapper> (0x00000000aa44d910) 
thrown [s\src\hotspot\share\oops\constantPool.cpp, line 874]
Event: 74.128 Thread 0x000002207509dd50 Exception <a 'java/lang/NoClassDefFoundError'{0x00000000aa2b8430}: org/jetbrains/kotlin/gradle/plugin/KotlinBasePluginWrapper> (0x00000000aa2b8430) 
thrown [s\src\hotspot\share\oops\constantPool.cpp, line 874]
Event: 74.130 Thread 0x000002207509dd50 Exception <a 'java/lang/NoClassDefFoundError'{0x00000000aa102858}: org/jetbrains/kotlin/gradle/plugin/KotlinBasePluginWrapper> (0x00000000aa102858) 
thrown [s\src\hotspot\share\oops\constantPool.cpp, line 874]
Event: 74.292 Thread 0x000002207509dd50 Exception <a 'java/lang/NoClassDefFoundError'{0x00000000a9e58b90}: org/jetbrains/kotlin/gradle/plugin/KotlinBasePluginWrapper> (0x00000000a9e58b90) 
thrown [s\src\hotspot\share\oops\constantPool.cpp, line 874]
Event: 74.295 Thread 0x000002207509dd50 Exception <a 'java/lang/NoClassDefFoundError'{0x00000000a9e766d8}: org/jetbrains/kotlin/gradle/plugin/KotlinBasePluginWrapper> (0x00000000a9e766d8) 
thrown [s\src\hotspot\share\oops\constantPool.cpp, line 874]
Event: 74.322 Thread 0x000002207509dd50 Exception <a 'java/lang/NoClassDefFoundError'{0x00000000a9c705f0}: org/jetbrains/kotlin/gradle/plugin/KotlinBasePluginWrapper> (0x00000000a9c705f0) 
thrown [s\src\hotspot\share\oops\constantPool.cpp, line 874]
Event: 74.324 Thread 0x000002207509dd50 Exception <a 'java/lang/NoClassDefFoundError'{0x00000000a9c8d9c0}: org/jetbrains/kotlin/gradle/plugin/KotlinBasePluginWrapper> (0x00000000a9c8d9c0) 
thrown [s\src\hotspot\share\oops\constantPool.cpp, line 874]
Event: 74.325 Thread 0x000002207509dd50 Exception <a 'java/lang/NoClassDefFoundError'{0x00000000a9ca9a20}: org/jetbrains/kotlin/gradle/plugin/KotlinBasePluginWrapper> (0x00000000a9ca9a20) 
thrown [s\src\hotspot\share\oops\constantPool.cpp, line 874]
Event: 74.526 Thread 0x000002207509dd50 Exception <a 'java/lang/NoClassDefFoundError'{0x00000000a9ccc3a8}: org/jetbrains/kotlin/gradle/plugin/KotlinBasePluginWrapper> (0x00000000a9ccc3a8) 
thrown [s\src\hotspot\share\oops\constantPool.cpp, line 874]
Event: 74.527 Thread 0x000002207509dd50 Exception <a 'java/lang/NoClassDefFoundError'{0x00000000a9cecb38}: org/jetbrains/kotlin/gradle/plugin/KotlinBasePluginWrapper> (0x00000000a9cecb38) 
thrown [s\src\hotspot\share\oops\constantPool.cpp, line 874]
Event: 74.530 Thread 0x000002207509dd50 Exception <a 'java/lang/NoClassDefFoundError'{0x00000000a9b0e2d8}: org/jetbrains/kotlin/gradle/plugin/KotlinBasePluginWrapper> (0x00000000a9b0e2d8) 
thrown [s\src\hotspot\share\oops\constantPool.cpp, line 874]
Event: 74.531 Thread 0x000002207509dd50 Exception <a 'java/lang/NoClassDefFoundError'{0x00000000a9b29f70}: org/jetbrains/kotlin/gradle/plugin/KotlinBasePluginWrapper> (0x00000000a9b29f70) 
thrown [s\src\hotspot\share\oops\constantPool.cpp, line 874]
Event: 74.533 Thread 0x000002207509dd50 Exception <a 'java/lang/NoClassDefFoundError'{0x00000000a9b47fe0}: org/jetbrains/kotlin/gradle/plugin/KotlinBasePluginWrapper> (0x00000000a9b47fe0) 
thrown [s\src\hotspot\share\oops\constantPool.cpp, line 874]
Event: 74.535 Thread 0x000002207509dd50 Exception <a 'java/lang/NoClassDefFoundError'{0x00000000a9b69a00}: org/jetbrains/kotlin/gradle/plugin/KotlinBasePluginWrapper> (0x00000000a9b69a00) 
thrown [s\src\hotspot\share\oops\constantPool.cpp, line 874]
Event: 74.538 Thread 0x000002207509dd50 Exception <a 'java/lang/NoClassDefFoundError'{0x00000000a9b8d460}: org/jetbrains/kotlin/gradle/plugin/KotlinBasePluginWrapper> (0x00000000a9b8d460) 
thrown [s\src\hotspot\share\oops\constantPool.cpp, line 874]
Event: 74.540 Thread 0x000002207509dd50 Exception <a 'java/lang/NoClassDefFoundError'{0x00000000a9bab590}: org/jetbrains/kotlin/gradle/plugin/KotlinBasePluginWrapper> (0x00000000a9bab590) 
thrown [s\src\hotspot\share\oops\constantPool.cpp, line 874]
Event: 74.587 Thread 0x000002207509dd50 Exception <a 'java/lang/NoClassDefFoundError'{0x00000000ff5aea80}: org/jetbrains/kotlin/gradle/plugin/KotlinBasePluginWrapper> (0x00000000ff5aea80) 
thrown [s\src\hotspot\share\oops\constantPool.cpp, line 874]
Event: 74.588 Thread 0x000002207509dd50 Exception <a 'java/lang/NoClassDefFoundError'{0x00000000ff5c9ce0}: org/jetbrains/kotlin/gradle/plugin/KotlinBasePluginWrapper> (0x00000000ff5c9ce0) 
thrown [s\src\hotspot\share\oops\constantPool.cpp, line 874]
Event: 74.655 Thread 0x000002207509dd50 Exception <a 'java/lang/NoClassDefFoundError'{0x00000000ad1dec08}: org/jetbrains/kotlin/gradle/plugin/KotlinBasePluginWrapper> (0x00000000ad1dec08) 
thrown [s\src\hotspot\share\oops\constantPool.cpp, line 874]
Event: 74.657 Thread 0x000002207509dd50 Exception <a 'java/lang/NoClassDefFoundError'{0x00000000ad05d950}: org/jetbrains/kotlin/gradle/plugin/KotlinBasePluginWrapper> (0x00000000ad05d950) 
thrown [s\src\hotspot\share\oops\constantPool.cpp, line 874]

ZGC Phase Switch (0 events):
No events

VM Operations (20 events):
Event: 72.075 Executing VM operation: ICBufferFull done
Event: 72.296 Executing VM operation: ICBufferFull
Event: 72.296 Executing VM operation: ICBufferFull done
Event: 72.323 Executing VM operation: G1CollectForAllocation (G1 Evacuation Pause)
Event: 72.332 Executing VM operation: G1CollectForAllocation (G1 Evacuation Pause) done
Event: 72.646 Executing VM operation: ICBufferFull
Event: 72.646 Executing VM operation: ICBufferFull done
Event: 72.986 Executing VM operation: ICBufferFull
Event: 72.986 Executing VM operation: ICBufferFull done
Event: 73.035 Executing VM operation: G1CollectForAllocation (G1 Evacuation Pause)
Event: 73.047 Executing VM operation: G1CollectForAllocation (G1 Evacuation Pause) done
Event: 73.557 Executing VM operation: ICBufferFull
Event: 73.557 Executing VM operation: ICBufferFull done
Event: 73.732 Executing VM operation: HandshakeAllThreads (Deoptimize)
Event: 73.732 Executing VM operation: HandshakeAllThreads (Deoptimize) done
Event: 74.117 Executing VM operation: ICBufferFull
Event: 74.117 Executing VM operation: ICBufferFull done
Event: 74.566 Executing VM operation: G1CollectForAllocation (G1 Evacuation Pause)
Event: 74.576 Executing VM operation: G1CollectForAllocation (G1 Evacuation Pause) done
Event: 74.682 Executing VM operation: G1PauseRemark

Memory protections (0 events):
No events

Nmethod flushes (20 events):
Event: 74.765 Thread 0x000002205525e640 flushing  nmethod 0x000002205b112210
Event: 74.765 Thread 0x000002205525e640 flushing  nmethod 0x000002205b114190
Event: 74.765 Thread 0x000002205525e640 flushing  nmethod 0x000002205b115010
Event: 74.765 Thread 0x000002205525e640 flushing  nmethod 0x000002205b115510
Event: 74.765 Thread 0x000002205525e640 flushing  nmethod 0x000002205b116a10
Event: 74.765 Thread 0x000002205525e640 flushing  nmethod 0x000002205b117810
Event: 74.765 Thread 0x000002205525e640 flushing  nmethod 0x000002205b118b90
Event: 74.765 Thread 0x000002205525e640 flushing  nmethod 0x000002205b119190
Event: 74.765 Thread 0x000002205525e640 flushing  nmethod 0x000002205b11a990
Event: 74.765 Thread 0x000002205525e640 flushing  nmethod 0x000002205b11ae90
Event: 74.765 Thread 0x000002205525e640 flushing  nmethod 0x000002205b1cf210
Event: 74.765 Thread 0x000002205525e640 flushing  nmethod 0x000002205b1d2810
Event: 74.765 Thread 0x000002205525e640 flushing  nmethod 0x000002205b319790
Event: 74.765 Thread 0x000002205525e640 flushing  nmethod 0x000002205b440690
Event: 74.765 Thread 0x000002205525e640 flushing  nmethod 0x000002205b444310
Event: 74.765 Thread 0x000002205525e640 flushing  nmethod 0x000002205b446410
Event: 74.765 Thread 0x000002205525e640 flushing  nmethod 0x000002205b52b410
Event: 74.765 Thread 0x000002205525e640 flushing  nmethod 0x000002205b5ba110
Event: 74.765 Thread 0x000002205525e640 flushing  nmethod 0x000002205b5bc810
Event: 74.765 Thread 0x000002205525e640 flushing  nmethod 0x000002205b994290

Events (20 events):
Event: 73.627 Thread 0x00000220750aad90 Thread added: 0x00000220750abab0
Event: 73.627 Thread 0x00000220750aad90 Thread added: 0x000002207f70f580
Event: 73.627 Thread 0x00000220750aad90 Thread added: 0x000002207f716ba0
Event: 73.628 Thread 0x00000220750aad90 Thread added: 0x00000220789e7450
Event: 73.628 Thread 0x00000220750aad90 Thread added: 0x0000022076fc2580
Event: 73.628 Thread 0x00000220750aad90 Thread added: 0x0000022076fc0b40
Event: 73.628 Thread 0x00000220750aad90 Thread added: 0x0000022076fc11d0
Event: 73.628 Thread 0x00000220750aad90 Thread added: 0x0000022076fc32a0
Event: 73.629 Thread 0x00000220750aad90 Thread added: 0x0000022076fc1860
Event: 73.629 Thread 0x00000220750aad90 Thread added: 0x0000022076fc1ef0
Event: 73.629 Thread 0x00000220750aad90 Thread added: 0x0000022076fc2c10
Event: 73.629 Thread 0x00000220750aad90 Thread added: 0x0000022076fbfe20
Event: 73.629 Thread 0x00000220750aad90 Thread added: 0x0000022076fc04b0
Event: 73.629 Thread 0x00000220750aad90 Thread added: 0x0000022076fc6db0
Event: 73.683 Thread 0x00000220750aad90 Thread added: 0x0000022076fc3930
Event: 74.524 Thread 0x00000220780ebf50 Thread exited: 0x00000220780ebf50
Event: 74.524 Thread 0x00000220780e6d90 Thread exited: 0x00000220780e6d90
Event: 74.525 Thread 0x00000220780e9670 Thread exited: 0x00000220780e9670
Event: 74.619 Thread 0x000002207f70ba70 Thread added: 0x0000022076fc6720
Event: 74.619 Thread 0x000002207f70c100 Thread added: 0x0000022076fc7440


Dynamic libraries:
0x00007ff66b2b0000 - 0x00007ff66b2ba000 	C:\Program Files\Android\Android Studio\jbr\bin\java.exe
0x00007ffcedfa0000 - 0x00007ffcee207000 	C:\WINDOWS\SYSTEM32\ntdll.dll
0x00007ffcebf80000 - 0x00007ffcec049000 	C:\WINDOWS\System32\KERNEL32.DLL
0x00007ffcea9d0000 - 0x00007ffceadc7000 	C:\WINDOWS\System32\KERNELBASE.dll
0x00007ffceaf00000 - 0x00007ffceb04b000 	C:\WINDOWS\System32\ucrtbase.dll
0x00007ffce7950000 - 0x00007ffce7968000 	C:\Program Files\Android\Android Studio\jbr\bin\jli.dll
0x00007ffce59b0000 - 0x00007ffce59cb000 	C:\Program Files\Android\Android Studio\jbr\bin\VCRUNTIME140.dll
0x00007ffcec0c0000 - 0x00007ffcec286000 	C:\WINDOWS\System32\USER32.dll
0x00007ffceb050000 - 0x00007ffceb077000 	C:\WINDOWS\System32\win32u.dll
0x00007ffcd6860000 - 0x00007ffcd6af2000 	C:\WINDOWS\WinSxS\amd64_microsoft.windows.common-controls_6595b64144ccf1df_6.0.26100.8457_none_3e0b2faee331e92d\COMCTL32.dll
0x00007ffcecef0000 - 0x00007ffcecf1b000 	C:\WINDOWS\System32\GDI32.dll
0x00007ffcedd70000 - 0x00007ffcede19000 	C:\WINDOWS\System32\msvcrt.dll
0x00007ffceadd0000 - 0x00007ffceaefc000 	C:\WINDOWS\System32\gdi32full.dll
0x00007ffceb1c0000 - 0x00007ffceb263000 	C:\WINDOWS\System32\msvcp_win.dll
0x00007ffcedae0000 - 0x00007ffcedb12000 	C:\WINDOWS\System32\IMM32.DLL
0x00007ffce7880000 - 0x00007ffce788c000 	C:\Program Files\Android\Android Studio\jbr\bin\vcruntime140_1.dll
0x00007ffc81390000 - 0x00007ffc8141d000 	C:\Program Files\Android\Android Studio\jbr\bin\msvcp140.dll
0x00007ffc22090000 - 0x00007ffc22d1e000 	C:\Program Files\Android\Android Studio\jbr\bin\server\jvm.dll
0x00007ffced430000 - 0x00007ffced4e6000 	C:\WINDOWS\System32\ADVAPI32.dll
0x00007ffcedcc0000 - 0x00007ffcedd67000 	C:\WINDOWS\System32\sechost.dll
0x00007ffcede20000 - 0x00007ffcedf38000 	C:\WINDOWS\System32\RPCRT4.dll
0x00007ffceda50000 - 0x00007ffcedad0000 	C:\WINDOWS\System32\WS2_32.dll
0x00007ffcea830000 - 0x00007ffcea88e000 	C:\WINDOWS\SYSTEM32\POWRPROF.dll
0x00007ffce46f0000 - 0x00007ffce46fb000 	C:\WINDOWS\SYSTEM32\VERSION.dll
0x00007ffce4540000 - 0x00007ffce4576000 	C:\WINDOWS\SYSTEM32\WINMM.dll
0x00007ffcea810000 - 0x00007ffcea824000 	C:\WINDOWS\SYSTEM32\UMPDC.dll
0x00007ffce9760000 - 0x00007ffce977b000 	C:\WINDOWS\SYSTEM32\kernel.appcore.dll
0x00007ffce5a80000 - 0x00007ffce5a8a000 	C:\Program Files\Android\Android Studio\jbr\bin\jimage.dll
0x00007ffce8140000 - 0x00007ffce8382000 	C:\WINDOWS\SYSTEM32\DBGHELP.DLL
0x00007ffced5e0000 - 0x00007ffced963000 	C:\WINDOWS\System32\combase.dll
0x00007ffced500000 - 0x00007ffced5d9000 	C:\WINDOWS\System32\OLEAUT32.dll
0x00007ffcd1880000 - 0x00007ffcd18bb000 	C:\WINDOWS\SYSTEM32\dbgcore.DLL
0x00007ffceb080000 - 0x00007ffceb128000 	C:\WINDOWS\System32\bcryptPrimitives.dll
0x00007ffcd6c30000 - 0x00007ffcd6c3e000 	C:\Program Files\Android\Android Studio\jbr\bin\instrument.dll
0x00007ffcd7dc0000 - 0x00007ffcd7de0000 	C:\Program Files\Android\Android Studio\jbr\bin\java.dll
0x00007ffcd7da0000 - 0x00007ffcd7db8000 	C:\Program Files\Android\Android Studio\jbr\bin\zip.dll
0x00007ffcec6f0000 - 0x00007ffcece5e000 	C:\WINDOWS\System32\SHELL32.dll
0x00007ffceb270000 - 0x00007ffcebadc000 	C:\WINDOWS\System32\windows.storage.dll
0x00007ffcebe80000 - 0x00007ffcebf76000 	C:\WINDOWS\System32\SHCORE.dll
0x00007ffcec050000 - 0x00007ffcec0b6000 	C:\WINDOWS\System32\shlwapi.dll
0x00007ffcea8f0000 - 0x00007ffcea919000 	C:\WINDOWS\SYSTEM32\profapi.dll
0x00007ffce59a0000 - 0x00007ffce59b0000 	C:\Program Files\Android\Android Studio\jbr\bin\net.dll
0x00007ffce1320000 - 0x00007ffce1449000 	C:\WINDOWS\SYSTEM32\WINHTTP.dll
0x00007ffce9cd0000 - 0x00007ffce9d3c000 	C:\WINDOWS\system32\mswsock.dll
0x00007ffcd7c20000 - 0x00007ffcd7c36000 	C:\Program Files\Android\Android Studio\jbr\bin\nio.dll
0x00007ffcd71a0000 - 0x00007ffcd71b0000 	C:\Program Files\Android\Android Studio\jbr\bin\verify.dll
0x00007ffcb0d70000 - 0x00007ffcb0d97000 	C:\Users\denni\.gradle\native\c067742578af261105cb4f569cf0c3c89f3d7b1fecec35dd04571415982c5e48\windows-amd64\native-platform.dll
0x00007ffc7e3f0000 - 0x00007ffc7e534000 	C:\Users\denni\.gradle\native\100fb08df4bc3b14c8652ba06237920a3bd2aa13389f12d3474272988ae205f9\windows-amd64\native-platform-file-events.dll
0x00007ffcd7b40000 - 0x00007ffcd7b49000 	C:\Program Files\Android\Android Studio\jbr\bin\management.dll
0x00007ffcd7a90000 - 0x00007ffcd7a9b000 	C:\Program Files\Android\Android Studio\jbr\bin\management_ext.dll
0x00007ffcec600000 - 0x00007ffcec608000 	C:\WINDOWS\System32\PSAPI.DLL
0x00007ffce9fc0000 - 0x00007ffce9fdb000 	C:\WINDOWS\SYSTEM32\CRYPTSP.dll
0x00007ffce96c0000 - 0x00007ffce96f9000 	C:\WINDOWS\system32\rsaenh.dll
0x00007ffce9d80000 - 0x00007ffce9db3000 	C:\WINDOWS\SYSTEM32\USERENV.dll
0x00007ffcea8c0000 - 0x00007ffcea8ea000 	C:\WINDOWS\SYSTEM32\bcrypt.dll
0x00007ffce9fb0000 - 0x00007ffce9fbc000 	C:\WINDOWS\SYSTEM32\CRYPTBASE.dll
0x00007ffce91c0000 - 0x00007ffce91f2000 	C:\WINDOWS\SYSTEM32\IPHLPAPI.DLL
0x00007ffced4f0000 - 0x00007ffced4fa000 	C:\WINDOWS\System32\NSI.dll
0x00007ffcd7d90000 - 0x00007ffcd7d99000 	C:\Program Files\Android\Android Studio\jbr\bin\extnet.dll
0x00007ffc93a80000 - 0x00007ffc93a88000 	C:\WINDOWS\system32\wshunix.dll
0x00007ffcc1b10000 - 0x00007ffcc1b28000 	C:\WINDOWS\system32\napinsp.dll
0x00007ffce9260000 - 0x00007ffce9392000 	C:\WINDOWS\SYSTEM32\DNSAPI.dll
0x00007ffcc1af0000 - 0x00007ffcc1b03000 	C:\WINDOWS\System32\winrnr.dll
0x00007ffcc1ac0000 - 0x00007ffcc1ae2000 	C:\WINDOWS\system32\nlansp_c.dll
0x00007ffcc1aa0000 - 0x00007ffcc1ab6000 	C:\WINDOWS\system32\wshbth.dll
0x00007ffcd6cc0000 - 0x00007ffcd6ccb000 	C:\Windows\System32\rasadhlp.dll
0x00007ffce10e0000 - 0x00007ffce1166000 	C:\WINDOWS\System32\fwpuclnt.dll

dbghelp: loaded successfully - version: 4.0.5 - missing functions: none
symbol engine: initialized successfully - sym options: 0x614 - pdb path: .;C:\Program Files\Android\Android Studio\jbr\bin;C:\WINDOWS\SYSTEM32;C:\WINDOWS\WinSxS\amd64_microsoft.windows.common-controls_6595b64144ccf1df_6.0.26100.8457_none_3e0b2faee331e92d;C:\Program Files\Android\Android Studio\jbr\bin\server;C:\Users\denni\.gradle\native\c067742578af261105cb4f569cf0c3c89f3d7b1fecec35dd04571415982c5e48\windows-amd64;C:\Users\denni\.gradle\native\100fb08df4bc3b14c8652ba06237920a3bd2aa13389f12d3474272988ae205f9\windows-amd64

VM Arguments:
jvm_args: --add-opens=java.base/java.lang=ALL-UNNAMED --add-opens=java.base/java.lang.invoke=ALL-UNNAMED --add-opens=java.base/java.util=ALL-UNNAMED --add-opens=java.prefs/java.util.prefs=ALL-UNNAMED --add-exports=jdk.compiler/com.sun.tools.javac.api=ALL-UNNAMED --add-exports=jdk.compiler/com.sun.tools.javac.util=ALL-UNNAMED --add-opens=java.base/java.util=ALL-UNNAMED --add-opens=java.prefs/java.util.prefs=ALL-UNNAMED --add-opens=java.base/java.nio.charset=ALL-UNNAMED --add-opens=java.base/java.net=ALL-UNNAMED --add-opens=java.base/java.util.concurrent.atomic=ALL-UNNAMED --add-opens=java.xml/javax.xml.namespace=ALL-UNNAMED -Xmx1536m -Dfile.encoding=UTF-8 -Duser.country=CA -Duser.language=en -Duser.variant -javaagent:C:\Users\denni\.gradle\wrapper\dists\gradle-8.11.1-all\2qik7nd48slq1ooc2496ixf4i\gradle-8.11.1\lib\agents\gradle-instrumentation-agent-8.11.1.jar 
java_command: org.gradle.launcher.daemon.bootstrap.GradleDaemon 8.11.1
java_class_path (initial): C:\Users\denni\.gradle\wrapper\dists\gradle-8.11.1-all\2qik7nd48slq1ooc2496ixf4i\gradle-8.11.1\lib\gradle-daemon-main-8.11.1.jar
Launcher Type: SUN_STANDARD

[Global flags]
     intx CICompilerCount                          = 12                                        {product} {ergonomic}
     uint ConcGCThreads                            = 3                                         {product} {ergonomic}
     uint G1ConcRefinementThreads                  = 13                                        {product} {ergonomic}
   size_t G1HeapRegionSize                         = 1048576                                   {product} {ergonomic}
    uintx GCDrainStackTargetSize                   = 64                                        {product} {ergonomic}
   size_t InitialHeapSize                          = 123731968                                 {product} {ergonomic}
   size_t MarkStackSize                            = 4194304                                   {product} {ergonomic}
   size_t MaxHeapSize                              = 1610612736                                {product} {command line}
   size_t MaxNewSize                               = 965738496                                 {product} {ergonomic}
   size_t MinHeapDeltaBytes                        = 1048576                                   {product} {ergonomic}
   size_t MinHeapSize                              = 8388608                                   {product} {ergonomic}
    uintx NonNMethodCodeHeapSize                   = 7602480                                {pd product} {ergonomic}
    uintx NonProfiledCodeHeapSize                  = 122027880                              {pd product} {ergonomic}
    uintx ProfiledCodeHeapSize                     = 122027880                              {pd product} {ergonomic}
    uintx ReservedCodeCacheSize                    = 251658240                              {pd product} {ergonomic}
     bool SegmentedCodeCache                       = true                                      {product} {ergonomic}
   size_t SoftMaxHeapSize                          = 1610612736                             {manageable} {ergonomic}
     bool UseCompressedOops                        = true                           {product lp64_product} {ergonomic}
     bool UseG1GC                                  = true                                      {product} {ergonomic}
     bool UseLargePagesIndividualAllocation        = false                                  {pd product} {ergonomic}

Logging:
Log output configuration:
 #0: stdout all=warning uptime,level,tags foldmultilines=false
 #1: stderr all=off uptime,level,tags foldmultilines=false

Environment Variables:
JAVA_HOME=C:\Program Files\Android\Android Studio\jbr
PATH=C:\Users\denni\AppData\Local\Programs\Microsoft VS Code;C:\Python313\Scripts\;C:\Python313\;C:\Program Files (x86)\NVIDIA Corporation\PhysX\Common;C:\WINDOWS\system32;C:\WINDOWS;C:\WINDOWS\System32\Wbem;C:\WINDOWS\System32\WindowsPowerShell\v1.0\;C:\WINDOWS\System32\OpenSSH\;C:\Program Files\nodejs\;C:\ProgramData\chocolatey\bin;C:\Program Files\Git\cmd;C:\Program Files\Android\Android Studio\jbr\bin;C:\Users\denni\AppData\Local\Microsoft\WindowsApps;C:\Users\denni\AppData\Roaming\TinyTeX\bin\windows;C:\Users\denni\AppData\Roaming\npm;C:\Users\denni\AppData\Local\Programs\Microsoft VS Code\bin
USERNAME=denni
OS=Windows_NT
PROCESSOR_IDENTIFIER=AMD64 Family 23 Model 104 Stepping 1, AuthenticAMD
TMP=C:\Users\denni\AppData\Local\Temp
TEMP=C:\Users\denni\AppData\Local\Temp




Periodic native trim disabled

JNI global refs:
JNI global refs: 37, weak refs: 3

JNI global refs memory usage: 835, weak refs: 833

Process memory usage:
Resident Set Size: 470700K (6% of 7722744K total physical memory with 1272440K free physical memory)

OOME stack traces (most recent first):
Classloader memory used:
Loader org.gradle.internal.classloader.VisitableURLClassLoader                         : 41404K
Loader org.gradle.internal.classloader.VisitableURLClassLoader$InstrumentingVisitableURLClassLoader: 39512K
Loader bootstrap                                                                       : 28519K
Loader org.gradle.initialization.MixInLegacyTypesClassLoader                           : 13547K
Loader org.gradle.groovy.scripts.internal.DefaultScriptCompilationHandler$ScriptClassLoader: 732K
Loader jdk.internal.loader.ClassLoaders$PlatformClassLoader                            : 522K
Loader org.gradle.internal.classloader.VisitableURLClassLoader                         : 456K
Loader jdk.internal.reflect.DelegatingClassLoader                                      : 447K
Loader jdk.internal.loader.ClassLoaders$AppClassLoader                                 : 234K
Loader org.codehaus.groovy.runtime.callsite.CallSiteClassLoader                        : 57936B
Loader sun.reflect.misc.MethodUtil                                                     : 2968B

Classes loaded by more than one classloader:
Class org.gradle.api.GradleException                                                  : loaded 3 times (x 80B)
Class org.gradle.internal.Cast                                                        : loaded 3 times (x 69B)
Class org.gradle.api.Action                                                           : loaded 3 times (x 68B)
Class org.gradle.tooling.model.eclipse.RunClosedProjectBuildDependencies              : loaded 2 times (x 68B)
Class org.gradle.internal.classloader.FilteringClassLoader                            : loaded 2 times (x 103B)
Class [Lcom.google.common.base.AbstractIterator$State;                                : loaded 2 times (x 67B)
Class com.google.common.base.CharMatcher$IsEither                                     : loaded 2 times (x 109B)
Class org.gradle.internal.classloader.ClassLoaderHierarchy                            : loaded 2 times (x 68B)
Class com.google.common.collect.ImmutableEnumSet                                      : loaded 2 times (x 144B)
Class com.google.common.util.concurrent.ExecutionError                                : loaded 2 times (x 80B)
Class com.google.common.collect.ImmutableList$1                                       : loaded 2 times (x 95B)
Class org.gradle.tooling.internal.adapter.ProtocolToModelAdapter$InvocationHandlerImpl: loaded 2 times (x 75B)
Class org.gradle.api.internal.classpath.ManifestUtil                                  : loaded 2 times (x 69B)
Class com.google.common.collect.RegularImmutableMap                                   : loaded 2 times (x 119B)
Class com.google.common.collect.ImmutableMap$MapViewOfValuesAsSingletonSets           : loaded 2 times (x 123B)
Class org.gradle.tooling.internal.adapter.TargetTypeProvider                          : loaded 2 times (x 68B)
Class [Lorg.objectweb.asm.Symbol;                                                     : loaded 2 times (x 67B)
Class org.objectweb.asm.ClassVisitor                                                  : loaded 2 times (x 86B)
Class com.google.common.collect.UnmodifiableListIterator                              : loaded 2 times (x 93B)
Class org.gradle.tooling.internal.adapter.MethodInvocation                            : loaded 2 times (x 83B)
Class org.gradle.internal.operations.MultipleBuildOperationFailures                   : loaded 2 times (x 93B)
Class org.objectweb.asm.MethodTooLargeException                                       : loaded 2 times (x 81B)
Class [Lcom.google.common.cache.CacheBuilder$OneWeigher;                              : loaded 2 times (x 67B)
Class com.google.common.base.Suppliers                                                : loaded 2 times (x 69B)
Class com.google.common.base.Platform$JdkPatternCompiler                              : loaded 2 times (x 73B)
Class org.gradle.internal.classloader.DefaultClassLoaderFactory                       : loaded 2 times (x 80B)
Class com.google.common.base.CharMatcher$None                                         : loaded 2 times (x 110B)
Class org.gradle.internal.classloader.ClassLoaderVisitor                              : loaded 2 times (x 74B)
Class [Lcom.google.common.collect.ImmutableMapEntry;                                  : loaded 2 times (x 67B)
Class org.gradle.api.internal.classpath.EffectiveClassPath                            : loaded 2 times (x 88B)
Class com.google.common.collect.ImmutableEnumMap                                      : loaded 2 times (x 123B)
Class com.google.common.collect.ListMultimap                                          : loaded 2 times (x 68B)
Class org.gradle.tooling.internal.gradle.DefaultProjectIdentifier                     : loaded 2 times (x 84B)
Class com.google.common.collect.Sets$1                                                : loaded 2 times (x 137B)
Class org.objectweb.asm.AnnotationVisitor                                             : loaded 2 times (x 76B)
Class com.google.common.base.Splitter                                                 : loaded 2 times (x 70B)
Class org.gradle.api.internal.DefaultClassPathProvider                                : loaded 2 times (x 74B)
Class com.google.common.collect.Sets$2                                                : loaded 2 times (x 137B)
Class [Lorg.gradle.api.internal.ClassPathProvider;                                    : loaded 2 times (x 67B)
Class org.gradle.api.internal.ClassPathProvider                                       : loaded 2 times (x 68B)
Class [Lorg.objectweb.asm.AnnotationVisitor;                                          : loaded 2 times (x 67B)
Class com.google.common.collect.Sets$3                                                : loaded 2 times (x 137B)
Class com.google.common.util.concurrent.AbstractFuture$SafeAtomicHelper               : loaded 2 times (x 77B)
Class com.google.common.cache.LocalCache$LocalLoadingCache                            : loaded 2 times (x 132B)
Class com.google.common.base.AbstractIterator$State                                   : loaded 2 times (x 77B)
Class org.gradle.internal.service.UnknownServiceException                             : loaded 2 times (x 81B)
Class com.google.common.collect.Sets$4                                                : loaded 2 times (x 137B)
Class org.objectweb.asm.ModuleVisitor                                                 : loaded 2 times (x 79B)
Class com.google.common.cache.LocalCache$Strength$1                                   : loaded 2 times (x 79B)
Class com.google.common.util.concurrent.SettableFuture                                : loaded 2 times (x 112B)
Class com.google.common.cache.LocalCache$Strength$2                                   : loaded 2 times (x 79B)
Class org.gradle.api.JavaVersion                                                      : loaded 2 times (x 77B)
Class com.google.common.cache.LocalCache$Strength$3                                   : loaded 2 times (x 79B)
Class com.google.common.collect.MapDifference                                         : loaded 2 times (x 68B)
Class com.google.common.base.Splitter$1                                               : loaded 2 times (x 75B)
Class org.gradle.tooling.model.eclipse.EclipseRuntime                                 : loaded 2 times (x 68B)
Class org.objectweb.asm.FieldWriter                                                   : loaded 2 times (x 76B)
Class com.google.common.cache.CacheBuilder$NullListener                               : loaded 2 times (x 80B)
Class org.gradle.internal.classpath.TransformedClassPath                              : loaded 2 times (x 94B)
Class org.gradle.internal.classloader.InstrumentingClassLoader                        : loaded 2 times (x 68B)
Class com.google.common.cache.CacheLoader$FunctionToCacheLoader                       : loaded 2 times (x 73B)
Class com.google.common.collect.Iterators$ArrayItr                                    : loaded 2 times (x 95B)
Class com.google.common.collect.ImmutableCollection$Builder                           : loaded 2 times (x 74B)
Class com.google.common.base.Joiner                                                   : loaded 2 times (x 77B)
Class com.google.common.base.MoreObjects                                              : loaded 2 times (x 69B)
Class [Lorg.objectweb.asm.Type;                                                       : loaded 2 times (x 67B)
Class com.google.common.collect.Platform                                              : loaded 2 times (x 69B)
Class com.google.common.collect.UnmodifiableIterator                                  : loaded 2 times (x 78B)
Class org.gradle.tooling.model.eclipse.EclipseWorkspaceProject                        : loaded 2 times (x 68B)
Class org.gradle.internal.service.ServiceLocator                                      : loaded 2 times (x 68B)
Class build_d41pshx3amy3srv3xzdo8qnrz$_run_closure1                                   : loaded 2 times (x 137B)
Class com.google.common.base.Ascii                                                    : loaded 2 times (x 69B)
Class com.google.common.collect.SingletonImmutableBiMap                               : loaded 2 times (x 141B)
Class com.google.common.cache.LocalCache$1                                            : loaded 2 times (x 87B)
Class com.google.common.collect.AbstractMapEntry                                      : loaded 2 times (x 79B)
Class org.gradle.tooling.internal.adapter.ProtocolToModelAdapter$SupportedPropertyInvoker: loaded 2 times (x 74B)
Class org.gradle.tooling.model.UnsupportedMethodException                             : loaded 2 times (x 80B)
Class com.google.common.collect.Sets$ImprovedAbstractSet                              : loaded 2 times (x 133B)
Class com.google.common.collect.ImmutableList$Builder                                 : loaded 2 times (x 75B)
Class com.google.common.cache.LocalCache$2                                            : loaded 2 times (x 140B)
Class com.google.common.collect.AbstractMultimap                                      : loaded 2 times (x 121B)
Class com.google.common.util.concurrent.AbstractFuture$UnsafeAtomicHelper$1           : loaded 2 times (x 74B)
Class com.google.common.collect.RegularImmutableAsList                                : loaded 2 times (x 214B)
Class com.google.common.util.concurrent.AbstractFuture$Trusted                        : loaded 2 times (x 68B)
Class com.google.common.collect.Iterators                                             : loaded 2 times (x 69B)
Class com.google.common.base.CharMatcher$RangesMatcher                                : loaded 2 times (x 110B)
Class org.gradle.tooling.internal.adapter.CollectionMapper                            : loaded 2 times (x 71B)
Class com.google.common.util.concurrent.UncheckedExecutionException                   : loaded 2 times (x 80B)
Class com.google.common.collect.Lists$StringAsImmutableList                           : loaded 2 times (x 205B)
Class com.google.common.base.CharMatcher$JavaLetterOrDigit                            : loaded 2 times (x 109B)
Class org.gradle.tooling.internal.adapter.ProtocolToModelAdapter                      : loaded 2 times (x 78B)
Class org.gradle.internal.InternalTransformer                                         : loaded 2 times (x 68B)
Class com.google.common.collect.AbstractMapBasedMultimap$KeySet$1                     : loaded 2 times (x 80B)
Class org.objectweb.asm.ClassWriter                                                   : loaded 2 times (x 104B)
Class com.google.common.cache.CacheLoader$UnsupportedLoadingOperationException        : loaded 2 times (x 80B)
Class com.google.common.base.CharMatcher$And                                          : loaded 2 times (x 110B)
Class org.gradle.internal.time.DefaultTimer                                           : loaded 2 times (x 78B)
Class org.gradle.internal.classloader.ClasspathUtil$1                                 : loaded 2 times (x 74B)
Class com.google.common.base.Objects                                                  : loaded 2 times (x 69B)
Class org.objectweb.asm.FieldVisitor                                                  : loaded 2 times (x 75B)
Class com.google.common.collect.IndexedImmutableSet                                   : loaded 2 times (x 148B)
Class com.google.common.collect.ImmutableMap$1                                        : loaded 2 times (x 79B)
Class com.google.common.collect.BiMap                                                 : loaded 2 times (x 68B)
Class org.gradle.tooling.internal.adapter.ProtocolToModelAdapter$ViewKey              : loaded 2 times (x 70B)
Class org.gradle.api.internal.classpath.DefaultModuleRegistry$DefaultModule           : loaded 2 times (x 84B)
Class com.google.common.primitives.Ints                                               : loaded 2 times (x 69B)
Class com.google.common.collect.AbstractIterator                                      : loaded 2 times (x 80B)
Class build_10fres6m608x0nlisjrz443fc$_run_closure1$_closure3                         : loaded 2 times (x 137B)
Class org.gradle.tooling.model.eclipse.EclipseWorkspace                               : loaded 2 times (x 68B)
Class org.gradle.tooling.internal.adapter.ProtocolToModelAdapter$PropertyCachingMethodInvoker: loaded 2 times (x 74B)
Class com.google.common.math.MathPreconditions                                        : loaded 2 times (x 69B)
Class com.google.common.collect.Multiset                                              : loaded 2 times (x 68B)
Class com.google.common.collect.ArrayListMultimapGwtSerializationDependencies         : loaded 2 times (x 170B)
Class com.google.common.collect.ObjectArrays                                          : loaded 2 times (x 69B)
Class com.google.common.collect.AbstractIndexedListIterator                           : loaded 2 times (x 94B)
Class org.gradle.internal.time.DefaultCountdownTimer                                  : loaded 2 times (x 86B)
Class com.google.common.collect.ImmutableMapEntrySet                                  : loaded 2 times (x 149B)
Class org.gradle.tooling.internal.adapter.ProtocolToModelAdapter$AdaptingMethodInvoker: loaded 2 times (x 74B)
Class org.gradle.tooling.internal.gradle.DefaultBuildIdentifier                       : loaded 2 times (x 77B)
Class org.gradle.api.internal.classpath.Module                                        : loaded 2 times (x 68B)
Class com.google.common.cache.Weigher                                                 : loaded 2 times (x 68B)
Class org.gradle.api.internal.classpath.UnknownModuleException                        : loaded 2 times (x 80B)
Class com.google.common.base.Stopwatch                                                : loaded 2 times (x 70B)
Class com.google.common.cache.LocalCache$Strength                                     : loaded 2 times (x 79B)
Class com.google.common.cache.Cache                                                   : loaded 2 times (x 68B)
Class build_10fres6m608x0nlisjrz443fc                                                 : loaded 2 times (x 178B)
Class com.google.common.util.concurrent.AbstractFuture$Cancellation                   : loaded 2 times (x 70B)
Class com.google.common.collect.ImmutableMap$Builder                                  : loaded 2 times (x 80B)
Class com.google.common.base.NullnessCasts                                            : loaded 2 times (x 69B)
Class com.google.common.cache.RemovalListener                                         : loaded 2 times (x 68B)
Class org.gradle.tooling.internal.gradle.GradleProjectIdentity                        : loaded 2 times (x 68B)
Class com.google.common.collect.RegularImmutableMap$KeySet                            : loaded 2 times (x 148B)
Class com.google.common.primitives.IntsMethodsForWeb                                  : loaded 2 times (x 69B)
Class com.google.common.collect.Multimap                                              : loaded 2 times (x 68B)
Class org.gradle.api.internal.ClassPathRegistry                                       : loaded 2 times (x 68B)
Class org.gradle.internal.classpath.DefaultClassPath$ImmutableUniqueList              : loaded 2 times (x 197B)
Class com.google.common.base.ExtraObjectsMethodsForWeb                                : loaded 2 times (x 69B)
Class com.google.common.cache.CacheBuilder                                            : loaded 2 times (x 70B)
Class com.google.common.collect.SingletonImmutableList                                : loaded 2 times (x 205B)
Class org.gradle.internal.classpath.ClassPath                                         : loaded 2 times (x 68B)
Class org.gradle.api.UncheckedIOException                                             : loaded 2 times (x 80B)
Class com.google.common.collect.ImmutableList$ReverseImmutableList                    : loaded 2 times (x 206B)
Class com.google.common.base.JdkPattern                                               : loaded 2 times (x 73B)
Class org.objectweb.asm.SymbolTable$Entry                                             : loaded 2 times (x 72B)
Class com.google.common.util.concurrent.AbstractFuture$AtomicHelper                   : loaded 2 times (x 76B)
Class org.objectweb.asm.Edge                                                          : loaded 2 times (x 70B)
Class com.google.common.base.Suppliers$SupplierOfInstance                             : loaded 2 times (x 77B)
Class com.google.common.collect.Iterators$1                                           : loaded 2 times (x 79B)
Class org.gradle.tooling.model.Model                                                  : loaded 2 times (x 68B)
Class com.google.common.cache.LocalCache$ComputingValueReference                      : loaded 2 times (x 94B)
Class com.google.common.collect.SingletonImmutableSet                                 : loaded 2 times (x 144B)
Class com.google.common.collect.ImmutableMap$IteratorBasedImmutableMap                : loaded 2 times (x 123B)
Class com.google.common.cache.LocalCache$Segment                                      : loaded 2 times (x 152B)
Class org.gradle.tooling.internal.adapter.ProtocolToModelAdapter$MethodInvocationCache: loaded 2 times (x 71B)
Class [Lorg.objectweb.asm.SymbolTable$Entry;                                          : loaded 2 times (x 67B)
Class com.google.common.cache.CacheLoader                                             : loaded 2 times (x 72B)
Class com.google.common.collect.Iterators$4                                           : loaded 2 times (x 80B)
Class com.google.common.collect.ImmutableBiMap                                        : loaded 2 times (x 141B)
Class com.google.common.collect.AbstractListMultimap                                  : loaded 2 times (x 170B)
Class org.gradle.internal.installation.GradleInstallation$1                           : loaded 2 times (x 73B)
Class org.gradle.api.internal.classpath.ModuleRegistry                                : loaded 2 times (x 68B)
Class com.google.common.util.concurrent.internal.InternalFutureFailureAccess          : loaded 2 times (x 70B)
Class com.google.common.collect.Iterators$5                                           : loaded 2 times (x 80B)
Class com.google.common.collect.ImmutableSet$JdkBackedSetBuilderImpl                  : loaded 2 times (x 74B)
Class com.google.common.base.Splitter$SplittingIterator                               : loaded 2 times (x 82B)
Class org.gradle.tooling.internal.adapter.ObjectGraphAdapter                          : loaded 2 times (x 68B)
Class com.google.common.util.concurrent.AbstractFuture$UnsafeAtomicHelper             : loaded 2 times (x 76B)
Class com.google.common.cache.LocalCache$LocalManualCache$1                           : loaded 2 times (x 73B)
Class com.google.common.base.CharMatcher$ForPredicate                                 : loaded 2 times (x 110B)
Class com.google.common.collect.ImmutableCollection                                   : loaded 2 times (x 123B)
Class com.google.common.base.CharMatcher$AnyOf                                        : loaded 2 times (x 110B)
Class org.gradle.api.internal.classpath.DefaultModuleRegistry                         : loaded 2 times (x 84B)
Class com.google.common.util.concurrent.ListenableFuture                              : loaded 2 times (x 68B)
Class com.google.common.cache.ReferenceEntry                                          : loaded 2 times (x 68B)
Class com.google.common.collect.ImmutableSet$CachingAsList                            : loaded 2 times (x 145B)
Class com.google.common.base.Converter                                                : loaded 2 times (x 88B)
Class com.google.common.collect.Lists                                                 : loaded 2 times (x 69B)
Class com.google.common.base.CharMatcher$Any                                          : loaded 2 times (x 110B)
Class com.google.common.util.concurrent.AbstractFuture                                : loaded 2 times (x 104B)
Class com.google.common.base.FunctionalEquivalence                                    : loaded 2 times (x 81B)
Class com.google.common.collect.Iterators$9                                           : loaded 2 times (x 79B)
Class com.google.common.collect.AbstractMapBasedMultimap                              : loaded 2 times (x 137B)
Class com.google.common.collect.ImmutableAsList                                       : loaded 2 times (x 207B)
Class org.objectweb.asm.RecordComponentVisitor                                        : loaded 2 times (x 75B)
Class com.google.common.cache.CacheLoader$SupplierToCacheLoader                       : loaded 2 times (x 73B)
Class com.google.common.collect.Maps$EntryTransformer                                 : loaded 2 times (x 68B)
Class org.gradle.internal.time.MonotonicClock                                         : loaded 2 times (x 75B)
Class org.gradle.internal.service.ServiceLookupException                              : loaded 2 times (x 80B)
Class build_40ye9mfol13hnq7gmgboohnfa                                                 : loaded 2 times (x 178B)
Class [Lcom.google.common.cache.LocalCache$EntryFactory;                              : loaded 2 times (x 67B)
Class com.google.common.base.CharMatcher$JavaLetter                                   : loaded 2 times (x 109B)
Class org.gradle.internal.classloader.ClassLoaderFactory                              : loaded 2 times (x 68B)
Class com.google.common.cache.LocalCache$LocalManualCache                             : loaded 2 times (x 97B)
Class com.google.common.base.CharMatcher$IsNot                                        : loaded 2 times (x 109B)
Class com.google.common.base.CommonPattern                                            : loaded 2 times (x 72B)
Class org.gradle.internal.service.CachingServiceLocator                               : loaded 2 times (x 80B)
Class com.google.common.collect.AbstractMapBasedMultimap$KeySet                       : loaded 2 times (x 135B)
Class com.google.common.math.IntMath                                                  : loaded 2 times (x 69B)
Class com.google.common.collect.Iterators$10                                          : loaded 2 times (x 79B)
Class com.google.common.collect.ImmutableMapEntry                                     : loaded 2 times (x 83B)
Class com.google.common.base.CharMatcher$JavaDigit                                    : loaded 2 times (x 109B)
Class org.gradle.internal.time.TimeSource                                             : loaded 2 times (x 68B)
Class com.google.common.base.Equivalence                                              : loaded 2 times (x 80B)
Class com.google.common.collect.ImmutableMapEntry$NonTerminalImmutableMapEntry        : loaded 2 times (x 83B)
Class com.google.common.base.Function                                                 : loaded 2 times (x 68B)
Class org.gradle.tooling.internal.gradle.GradleBuildIdentity                          : loaded 2 times (x 68B)
Class com.google.common.collect.IndexedImmutableSet$1                                 : loaded 2 times (x 210B)
Class com.google.common.cache.CacheBuilder$OneWeigher                                 : loaded 2 times (x 80B)
Class com.google.common.collect.RegularImmutableList                                  : loaded 2 times (x 210B)
Class org.gradle.tooling.internal.adapter.ProtocolToModelAdapter$MixInMappingAction   : loaded 2 times (x 78B)
Class org.gradle.internal.exceptions.ResolutionProvider                               : loaded 2 times (x 68B)
Class com.google.common.collect.ImmutableBiMapFauxverideShim                          : loaded 2 times (x 118B)
Class org.gradle.tooling.model.ProjectIdentifier                                      : loaded 2 times (x 68B)
Class org.gradle.internal.classloader.ClasspathUtil                                   : loaded 2 times (x 69B)
Class com.google.common.base.Charsets                                                 : loaded 2 times (x 69B)
Class com.google.common.util.concurrent.Uninterruptibles                              : loaded 2 times (x 69B)
Class com.google.common.collect.Maps                                                  : loaded 2 times (x 69B)
Class com.google.common.base.CharMatcher$JavaUpperCase                                : loaded 2 times (x 109B)
Class org.gradle.internal.time.TimeSource$1                                           : loaded 2 times (x 75B)
Class org.gradle.api.specs.Spec                                                       : loaded 2 times (x 68B)
Class [Lcom.google.common.collect.ImmutableEntry;                                     : loaded 2 times (x 67B)
Class com.google.common.cache.LocalCache$LoadingValueReference                        : loaded 2 times (x 94B)
Class build_10fres6m608x0nlisjrz443fc$_run_closure1                                   : loaded 2 times (x 137B)
Class com.google.common.base.Platform                                                 : loaded 2 times (x 69B)
Class org.gradle.internal.time.Clock                                                  : loaded 2 times (x 68B)
Class [Lorg.objectweb.asm.AnnotationWriter;                                           : loaded 2 times (x 67B)
Class com.google.common.primitives.Ints$IntConverter                                  : loaded 2 times (x 88B)
Class com.google.common.collect.Maps$8                                                : loaded 2 times (x 80B)
Class org.gradle.tooling.internal.adapter.TypeInspector                               : loaded 2 times (x 71B)
Class org.gradle.tooling.internal.adapter.ProtocolToModelAdapter$NoOpDecoration       : loaded 2 times (x 77B)
Class com.google.common.collect.Sets$SetView                                          : loaded 2 times (x 136B)
Class com.google.common.cache.LocalCache$StrongValueReference                         : loaded 2 times (x 88B)
Class com.google.common.util.concurrent.AbstractFuture$SynchronizedHelper             : loaded 2 times (x 76B)
Class com.google.common.base.CharMatcher$Invisible                                    : loaded 2 times (x 110B)
Class org.objectweb.asm.Type                                                          : loaded 2 times (x 70B)
Class org.gradle.internal.classloader.VisitableURLClassLoader$InstrumentingVisitableURLClassLoader: loaded 2 times (x 121B)
Class org.objectweb.asm.ByteVector                                                    : loaded 2 times (x 77B)
Class [Lcom.google.common.cache.CacheBuilder$NullListener;                            : loaded 2 times (x 67B)
Class com.google.common.math.IntMath$1                                                : loaded 2 times (x 69B)
Class org.gradle.internal.classloader.VisitableURLClassLoader$Spec                    : loaded 2 times (x 72B)
Class org.gradle.internal.classpath.DefaultClassPath                                  : loaded 2 times (x 88B)
Class org.objectweb.asm.Symbol                                                        : loaded 2 times (x 71B)
Class com.google.common.base.AbstractIterator                                         : loaded 2 times (x 78B)
Class com.google.common.collect.ImmutableSet                                          : loaded 2 times (x 143B)
Class com.google.common.collect.RegularImmutableMap$Values                            : loaded 2 times (x 205B)
Class com.google.common.base.CharMatcher$BitSetMatcher                                : loaded 2 times (x 110B)
Class com.google.common.base.CharMatcher$Ascii                                        : loaded 2 times (x 110B)
Class org.gradle.tooling.model.GradleModuleVersion                                    : loaded 2 times (x 68B)
Class org.gradle.internal.classloader.ClassLoaderSpec                                 : loaded 2 times (x 69B)
Class org.objectweb.asm.AnnotationWriter                                              : loaded 2 times (x 77B)
Class com.google.common.cache.CacheStats                                              : loaded 2 times (x 69B)
Class org.objectweb.asm.RecordComponentWriter                                         : loaded 2 times (x 76B)
Class com.google.common.util.concurrent.AbstractFuture$Listener                       : loaded 2 times (x 70B)
Class com.google.common.base.CharMatcher$Or                                           : loaded 2 times (x 110B)
Class org.gradle.tooling.internal.adapter.ProtocolToModelAdapter$DefaultViewBuilder   : loaded 2 times (x 78B)
Class org.objectweb.asm.Attribute                                                     : loaded 2 times (x 75B)
Class com.google.common.base.Supplier                                                 : loaded 2 times (x 68B)
Class org.gradle.tooling.internal.adapter.ProtocolToModelAdapter$ViewGraphDetails$1   : loaded 2 times (x 75B)
Class org.gradle.internal.classloader.VisitableURLClassLoader                         : loaded 2 times (x 115B)
Class com.google.common.util.concurrent.AbstractFuture$Waiter                         : loaded 2 times (x 70B)
Class com.google.common.base.Equivalence$Identity                                     : loaded 2 times (x 80B)
Class org.gradle.api.internal.DefaultClassPathRegistry                                : loaded 2 times (x 74B)
Class build_7ufnsee4u4kqe2ceg41r3aflb                                                 : loaded 2 times (x 178B)
Class com.google.common.collect.Sets                                                  : loaded 2 times (x 69B)
Class org.objectweb.asm.Handler                                                       : loaded 2 times (x 70B)
Class com.google.common.base.Ticker                                                   : loaded 2 times (x 70B)
Class com.google.common.base.Strings                                                  : loaded 2 times (x 69B)
Class com.google.common.base.CharMatcher$FastMatcher                                  : loaded 2 times (x 109B)
Class build_7ufnsee4u4kqe2ceg41r3aflb$_run_closure1                                   : loaded 2 times (x 137B)
Class [Lcom.google.common.cache.LocalCache$Segment;                                   : loaded 2 times (x 67B)
Class [Lcom.google.common.cache.LocalCache$Strength;                                  : loaded 2 times (x 67B)
Class com.google.common.cache.CacheBuilder$1                                          : loaded 2 times (x 83B)
Class com.google.common.collect.ImmutableMap                                          : loaded 2 times (x 118B)
Class com.google.common.base.Predicate                                                : loaded 2 times (x 68B)
Class org.gradle.internal.classpath.DefaultClassPath$ImmutableUniqueList$Builder      : loaded 2 times (x 73B)
Class com.google.common.cache.LocalCache                                              : loaded 2 times (x 185B)
Class com.google.common.cache.CacheBuilder$2                                          : loaded 2 times (x 70B)
Class com.google.common.base.CharMatcher$NegatedFastMatcher                           : loaded 2 times (x 111B)
Class org.gradle.tooling.internal.adapter.WeakIdentityHashMap$AbsentValueProvider     : loaded 2 times (x 68B)
Class [Lcom.google.common.collect.AbstractMapEntry;                                   : loaded 2 times (x 67B)
Class com.google.common.collect.ImmutableEntry                                        : loaded 2 times (x 80B)
Class com.google.common.collect.ArrayListMultimap                                     : loaded 2 times (x 170B)
Class com.google.common.base.AbstractIterator$1                                       : loaded 2 times (x 69B)
Class com.google.common.base.CharMatcher$Digit                                        : loaded 2 times (x 110B)
Class com.google.common.base.PairwiseEquivalence                                      : loaded 2 times (x 81B)
Class org.gradle.internal.exceptions.NonGradleCauseExceptionsHolder                   : loaded 2 times (x 68B)
Class org.gradle.tooling.internal.adapter.ViewBuilder                                 : loaded 2 times (x 68B)
Class com.google.common.collect.CollectPreconditions                                  : loaded 2 times (x 69B)
Class com.google.common.base.CharMatcher$JavaIsoControl                               : loaded 2 times (x 110B)
Class com.google.common.collect.SortedMapDifference                                   : loaded 2 times (x 68B)
Class com.google.common.base.CharMatcher$JavaLowerCase                                : loaded 2 times (x 109B)
Class com.google.common.cache.LocalCache$WriteThroughEntry                            : loaded 2 times (x 77B)
Class com.google.common.cache.LocalCache$HashIterator                                 : loaded 2 times (x 84B)
Class com.google.common.cache.LocalCache$EntryFactory                                 : loaded 2 times (x 81B)
Class org.gradle.tooling.internal.adapter.ProtocolToModelAdapter$ReflectionMethodInvoker: loaded 2 times (x 74B)
Class com.google.common.cache.LocalCache$AbstractReferenceEntry                       : loaded 2 times (x 105B)
Class com.google.common.base.Splitter$1$1                                             : loaded 2 times (x 84B)
Class com.google.common.base.CharMatcher$Whitespace                                   : loaded 2 times (x 110B)
Class org.gradle.internal.IoActions                                                   : loaded 2 times (x 69B)
Class org.objectweb.asm.SymbolTable                                                   : loaded 2 times (x 70B)
Class com.google.common.cache.CacheLoader$InvalidCacheLoadException                   : loaded 2 times (x 80B)
Class com.google.common.collect.ImmutableSet$RegularSetBuilderImpl                    : loaded 2 times (x 75B)
Class com.google.common.base.CharMatcher$SingleWidth                                  : loaded 2 times (x 110B)
Class org.gradle.internal.classloader.SystemClassLoaderSpec                           : loaded 2 times (x 69B)
Class com.google.common.cache.LocalCache$StrongEntry                                  : loaded 2 times (x 106B)
Class com.google.common.util.concurrent.AbstractFuture$TrustedFuture                  : loaded 2 times (x 112B)
Class com.google.common.cache.LoadingCache                                            : loaded 2 times (x 68B)
Class org.gradle.internal.exceptions.MultiCauseException                              : loaded 2 times (x 68B)
Class org.gradle.internal.time.CountdownTimer                                         : loaded 2 times (x 68B)
Class org.objectweb.asm.MethodWriter                                                  : loaded 2 times (x 104B)
Class [Lcom.google.common.cache.Weigher;                                              : loaded 2 times (x 67B)
Class com.google.common.collect.RegularImmutableMap$BucketOverflowException           : loaded 2 times (x 80B)
Class org.gradle.tooling.model.ProjectModel                                           : loaded 2 times (x 68B)
Class com.google.common.collect.RegularImmutableBiMap                                 : loaded 2 times (x 146B)
Class com.google.common.cache.LocalCache$ValueReference                               : loaded 2 times (x 68B)
Class com.google.common.base.CharMatcher$Negated                                      : loaded 2 times (x 111B)
Class com.google.common.base.CharMatcher$Is                                           : loaded 2 times (x 109B)
Class org.gradle.tooling.internal.adapter.ProtocolToModelAdapter$SafeMethodInvoker    : loaded 2 times (x 74B)
Class org.gradle.tooling.internal.adapter.WeakIdentityHashMap$WeakKey                 : loaded 2 times (x 77B)
Class org.gradle.internal.exceptions.DefaultMultiCauseException                       : loaded 2 times (x 93B)
Class com.google.common.hash.PrimitiveSink                                            : loaded 2 times (x 68B)
Class com.google.common.util.concurrent.AbstractFuture$Failure                        : loaded 2 times (x 70B)
Class com.google.common.base.Equivalence$Equals                                       : loaded 2 times (x 80B)
Class com.google.common.collect.Hashing                                               : loaded 2 times (x 69B)
Class com.google.common.base.PatternCompiler                                          : loaded 2 times (x 68B)
Class com.google.common.base.Preconditions                                            : loaded 2 times (x 69B)
Class com.google.common.base.Joiner$1                                                 : loaded 2 times (x 78B)
Class org.objectweb.asm.Label                                                         : loaded 2 times (x 71B)
Class org.objectweb.asm.CurrentFrame                                                  : loaded 2 times (x 71B)
Class org.objectweb.asm.ClassTooLargeException                                        : loaded 2 times (x 81B)
Class com.google.common.collect.PeekingIterator                                       : loaded 2 times (x 68B)
Class com.google.common.base.CharMatcher                                              : loaded 2 times (x 109B)
Class org.gradle.internal.time.Time                                                   : loaded 2 times (x 69B)
Class com.google.common.base.Joiner$2                                                 : loaded 2 times (x 77B)
Class org.objectweb.asm.Frame                                                         : loaded 2 times (x 71B)
Class org.objectweb.asm.MethodVisitor                                                 : loaded 2 times (x 103B)
Class com.google.common.cache.LocalCache$EntryFactory$1                               : loaded 2 times (x 81B)
Class [Lcom.google.common.cache.RemovalListener;                                      : loaded 2 times (x 67B)
Class com.google.common.base.CharMatcher$1                                            : loaded 2 times (x 111B)
Class com.google.common.base.CharMatcher$NamedFastMatcher                             : loaded 2 times (x 110B)
Class com.google.common.cache.LocalCache$EntryFactory$2                               : loaded 2 times (x 81B)
Class org.gradle.api.internal.classpath.GlobalCacheRootsProvider                      : loaded 2 times (x 68B)
Class org.objectweb.asm.ModuleWriter                                                  : loaded 2 times (x 80B)
Class com.google.common.cache.LocalCache$EntryFactory$3                               : loaded 2 times (x 81B)
Class com.google.common.base.Ticker$1                                                 : loaded 2 times (x 70B)
Class com.google.common.collect.ImmutableMapEntrySet$RegularEntrySet                  : loaded 2 times (x 149B)
Class com.google.common.collect.Maps$BiMapConverter                                   : loaded 2 times (x 88B)
Class org.gradle.tooling.model.BuildIdentifier                                        : loaded 2 times (x 68B)
Class build_d41pshx3amy3srv3xzdo8qnrz                                                 : loaded 2 times (x 178B)
Class com.google.common.cache.LocalCache$EntryFactory$4                               : loaded 2 times (x 81B)
Class com.google.common.collect.ImmutableSet$Builder                                  : loaded 2 times (x 83B)
Class com.google.common.base.CharMatcher$InRange                                      : loaded 2 times (x 109B)
Class com.google.common.cache.LocalCache$EntryFactory$5                               : loaded 2 times (x 81B)
Class com.google.common.cache.LocalCache$EntryFactory$6                               : loaded 2 times (x 81B)
Class org.gradle.internal.time.Timer                                                  : loaded 2 times (x 68B)
Class org.gradle.internal.installation.CurrentGradleInstallationLocator               : loaded 2 times (x 69B)
Class com.google.common.collect.Maps$KeySet                                           : loaded 2 times (x 135B)
Class com.google.common.cache.LocalCache$EntryFactory$7                               : loaded 2 times (x 81B)
Class com.google.common.collect.ImmutableSet$EmptySetBuilderImpl                      : loaded 2 times (x 74B)
Class com.google.common.collect.ImmutableList                                         : loaded 2 times (x 204B)
Class org.gradle.tooling.model.DomainObjectSet                                        : loaded 2 times (x 68B)
Class org.gradle.tooling.internal.adapter.ProtocolToModelAdapter$ViewGraphDetails     : loaded 2 times (x 70B)
Class org.gradle.internal.service.DefaultServiceLocator                               : loaded 2 times (x 81B)
Class com.google.common.cache.LocalCache$EntryFactory$8                               : loaded 2 times (x 81B)
Class com.google.common.collect.ImmutableSet$SetBuilderImpl                           : loaded 2 times (x 74B)
Class org.gradle.util.GradleVersion                                                   : loaded 2 times (x 81B)
Class org.gradle.internal.installation.CurrentGradleInstallation                      : loaded 2 times (x 71B)
Class build_40ye9mfol13hnq7gmgboohnfa$_run_closure1                                   : loaded 2 times (x 137B)
Class com.google.common.cache.CacheLoader$1                                           : loaded 2 times (x 73B)
Class com.google.common.collect.ImmutableList$SubList                                 : loaded 2 times (x 206B)
Class org.gradle.tooling.internal.adapter.ProtocolToModelAdapter$MethodInvocationCache$MethodInvocationKey: loaded 2 times (x 71B)
Class org.gradle.util.internal.GUtil                                                  : loaded 2 times (x 69B)
Class com.google.common.util.concurrent.AbstractFuture$SetFuture                      : loaded 2 times (x 73B)
Class com.google.common.cache.AbstractCache$StatsCounter                              : loaded 2 times (x 68B)
Class com.google.common.collect.Iterators$MergingIterator                             : loaded 2 times (x 79B)
Class com.google.common.collect.RegularImmutableSet                                   : loaded 2 times (x 146B)
Class org.gradle.tooling.internal.adapter.WeakIdentityHashMap                         : loaded 2 times (x 74B)
Class org.gradle.tooling.GradleConnectionException                                    : loaded 2 times (x 80B)
Class org.gradle.tooling.internal.adapter.ProtocolToModelAdapter$1                    : loaded 2 times (x 73B)
Class org.gradle.tooling.internal.adapter.ProtocolToModelAdapter$ViewDecoration       : loaded 2 times (x 68B)
Class org.gradle.internal.installation.GradleInstallation                             : loaded 2 times (x 73B)
Class com.google.common.collect.Iterables                                             : loaded 2 times (x 69B)
Class com.google.common.base.Splitter$Strategy                                        : loaded 2 times (x 68B)
Class org.gradle.tooling.internal.adapter.MethodInvoker                               : loaded 2 times (x 68B)
Class org.gradle.tooling.model.gradle.GradleScript                                    : loaded 2 times (x 68B)

---------------  S Y S T E M  ---------------

OS:
 Windows 11 , 64 bit Build 26100 (10.0.26100.8328)
OS uptime: 4 days 11:46 hours

CPU: total 16 (initial active 16) (16 cores per cpu, 2 threads per core) family 23 model 104 stepping 1 microcode 0x8608102, cx8, cmov, fxsr, ht, mmx, 3dnowpref, sse, sse2, sse3, ssse3, sse4a, sse4.1, sse4.2, popcnt, lzcnt, tsc, tscinvbit, avx, avx2, aes, clmul, bmi1, bmi2, adx, sha, fma, vzeroupper, clflush, clflushopt, rdtscp, rdpid, f16c
Processor Information for the first 16 processors :
  Max Mhz: 1801, Current Mhz: 1801, Mhz Limit: 1801

Memory: 4k page, system-wide physical 7541M (1229M free)
TotalPageFile size 23925M (AvailPageFile size 81M)
current process WorkingSet (physical memory assigned to process): 462M, peak: 488M
current process commit charge ("private bytes"): 620M, peak: 664M

vm_info: OpenJDK 64-Bit Server VM (21.0.7+-13880790-b1038.58) for windows-amd64 JRE (21.0.7+-13880790-b1038.58), built on 2025-08-04T20:56:21Z by "builder" with MS VC++ 16.10 / 16.11 (VS2019)

END.
